#pragma once

#include <pgmspace.h>
#include <stddef.h>

namespace interface {

static const uint8_t kWebInterfaceHtmlCompressed[] PROGMEM = {
    0x1f, 0x8b, 0x08, 0x00, 0x79, 0xbd, 0x2a, 0x69, 0x02, 0xff, 0xed, 0x7d,
    0xcb, 0x92, 0x1b, 0x49, 0x92, 0xd8, 0x9d, 0x5f, 0x91, 0xac, 0xe9, 0x19,
    0x00, 0x43, 0x00, 0x04, 0x50, 0x4f, 0xa2, 0x58, 0xc5, 0x65, 0xf3, 0x61,
    0x4d, 0x13, 0x39, 0x4d, 0xeb, 0x62, 0x0f, 0xd5, 0xa2, 0x68, 0xcd, 0x04,
    0x32, 0x51, 0xc8, 0x26, 0x80, 0xc4, 0x66, 0x02, 0x55, 0xc4, 0x72, 0xca,
    0x6c, 0x0f, 0x92, 0x99, 0x6e, 0x32, 0xdb, 0xd5, 0x55, 0xa6, 0x93, 0xd6,
    0x74, 0xdc, 0xa3, 0xce, 0xfb, 0x29, 0xf3, 0x03, 0xd2, 0x27, 0x28, 0x3c,
    0x1e, 0x19, 0x2f, 0x8f, 0xc8, 0x4c, 0x54, 0x91, 0xcd, 0x1e, 0x71, 0x6c,
    0x66, 0x58, 0xc8, 0x8c, 0xf0, 0xf0, 0xf0, 0xf0, 0xf0, 0xf0, 0x57, 0x78,
    0xde, 0xbf, 0xfd, 0xf8, 0xfb, 0x47, 0xaf, 0x7e, 0x7a, 0xf9, 0x24, 0x98,
    0xae, 0xe6, 0xb3, 0xd3, 0x5b, 0xf7, 0xd9, 0x3f, 0x41, 0x70, 0x7f, 0x1a,
    0x87, 0x11, 0xfc, 0x41, 0xfe, 0x9c, 0xc7, 0xab, 0x30, 0x18, 0x4f, 0xc3,
    0x2c, 0x8f, 0x57, 0x27, 0x3b, 0xeb, 0xd5, 0xa4, 0x73, 0xb4, 0x13, 0xdc,
    0xe5, 0x2f, 0x57, 0xc9, 0x6a, 0x16, 0x9f, 0x7e, 0xf7, 0xe7, 0x87, 0x8f,
    0x82, 0x47, 0xe9, 0x62, 0x95, 0xa5, 0xb3, 0x59, 0x9c, 0xdd, 0xbf, 0xcb,
    0x1e, 0x2b, 0xfd, 0x17, 0xe1, 0x3c, 0x3e, 0xd9, 0xb9, 0x48, 0xe2, 0xcb,
    0x65, 0x9a, 0xad, 0x76, 0x82, 0x31, 0x69, 0x1c, 0x2f, 0x08, 0xbc, 0xcb,
    0x24, 0x5a, 0x4d, 0x4f, 0xa2, 0xf8, 0x22, 0x19, 0xc7, 0x1d, 0xfa, 0xa3,
    0x1d, 0x24, 0x8b, 0x64, 0x95, 0x84, 0xb3, 0x4e, 0x3e, 0x0e, 0x67, 0xf1,
    0x49, 0x5f, 0x8e, 0x96, 0xaf, 0x36, 0x02, 0x6c, 0x10, 0x8c, 0xd2, 0x68,
    0x13, 0x7c, 0xe4, 0x3f, 0x82, 0x60, 0x42, 0x20, 0x76, 0x26, 0xe1, 0x3c,
    0x99, 0x6d, 0x86, 0xc1, 0xc3, 0x8c, 0xf4, 0x6f, 0x07, 0x79, 0xb8, 0xc8,
    0x3b, 0x79, 0x9c, 0x25, 0x93, 0xe3, 0xa2, 0xdd, 0x3c, 0xcc, 0xce, 0x93,
    0xc5, 0x30, 0xe8, 0x05, 0xe1, 0x7a, 0x95, 0xca, 0xe7, 0xcb, 0x30, 0x8a,
    0x92, 0xc5, 0xf9, 0x30, 0xe8, 0x67, 0xf1, 0x5c, 0x6d, 0xfe, 0x81, 0xa1,
    0x35, 0x0c, 0xee, 0x1d, 0xf4, 0x96, 0x1f, 0xe4, 0x9b, 0x51, 0x38, 0x7e,
    0x7f, 0x9e, 0xa5, 0xeb, 0x45, 0x34, 0x0c, 0x7e, 0x37, 0xd9, 0x9b, 0x1c,
    0x4e, 0xee, 0xc9, 0x97, 0xe3, 0x74, 0x96, 0x66, 0xe4, 0xf9, 0x60, 0x30,
    0x10, 0x0f, 0xaf, 0xf8, 0xbf, 0x40, 0xda, 0x38, 0x53, 0x30, 0x8f, 0x92,
    0x7c, 0x39, 0x0b, 0x09, 0xd6, 0x93, 0x59, 0xac, 0xc0, 0xff, 0x65, 0x9d,
    0xaf, 0x92, 0xc9, 0xa6, 0xc3, 0x49, 0x35, 0x0c, 0xf2, 0x65, 0x48, 0x68,
    0x34, 0x8a, 0x57, 0x97, 0x71, 0xbc, 0x90, 0xed, 0xc2, 0x59, 0x72, 0xbe,
    0xe8, 0x24, 0xab, 0x78, 0x9e, 0x0f, 0x83, 0x31, 0x69, 0x19, 0x67, 0xe6,
    0x6c, 0x3b, 0xa3, 0x74, 0xb5, 0x4a, 0xe7, 0x64, 0x6e, 0xdd, 0x7d, 0x65,
    0x76, 0x05, 0x46, 0x7d, 0x05, 0x9b, 0x82, 0x3e, 0x66, 0xab, 0x3c, 0x1e,
    0xaf, 0x92, 0x74, 0xa1, 0x34, 0xd5, 0x29, 0x30, 0x51, 0x88, 0x3c, 0x4a,
    0x33, 0x32, 0xc7, 0x4e, 0x16, 0x46, 0xc9, 0x9a, 0x60, 0x75, 0xa4, 0xd2,
    0xcd, 0x49, 0x68, 0x1d, 0x53, 0xed, 0xe5, 0x28, 0xfd, 0xd0, 0xc9, 0xa7,
    0x61, 0x94, 0x5e, 0xc2, 0xc2, 0xf5, 0x97, 0x1f, 0x82, 0x5d, 0xf2, 0xbf,
    0xec, 0x7c, 0x14, 0x36, 0x7b, 0xed, 0x80, 0xff, 0xb7, 0xdb, 0x6f, 0x99,
    0x38, 0xcf, 0xc2, 0x51, 0x3c, 0xc3, 0x48, 0x3d, 0x9a, 0xa5, 0xe3, 0xf7,
    0xc7, 0x3a, 0xf3, 0x5c, 0xc6, 0xc9, 0xf9, 0x94, 0xd0, 0x79, 0x94, 0xce,
    0x22, 0x0b, 0xaf, 0x55, 0xba, 0x24, 0x43, 0xa3, 0xe4, 0x4b, 0x16, 0xcb,
    0xf5, 0xaa, 0x5d, 0x50, 0x69, 0x46, 0xe8, 0x24, 0x7e, 0xad, 0xe2, 0x0f,
    0xab, 0x30, 0x8b, 0x43, 0xf1, 0x7b, 0xb4, 0x26, 0xb3, 0x53, 0x49, 0xc8,
    0x59, 0xab, 0xdf, 0xeb, 0xfd, 0x1e, 0xa1, 0x90, 0x3e, 0x9e, 0x89, 0xcb,
    0x60, 0xdf, 0xa6, 0x51, 0xf2, 0x0f, 0xb4, 0x23, 0xa7, 0x3f, 0x79, 0x64,
    0xae, 0xc9, 0x90, 0x52, 0x2f, 0x4f, 0x67, 0x49, 0x14, 0xfc, 0x6e, 0x3c,
    0x8e, 0x0e, 0xa2, 0xc8, 0xb9, 0x6c, 0x7b, 0x72, 0xd9, 0xae, 0x5c, 0x13,
    0xd0, 0x78, 0xa0, 0xd7, 0x3b, 0x3c, 0x8a, 0xf6, 0xec, 0x5d, 0x80, 0xf0,
    0xc6, 0x30, 0x58, 0xa4, 0x8b, 0x58, 0x69, 0xba, 0xce, 0x72, 0x68, 0xbb,
    0x4c, 0x13, 0x95, 0x83, 0xf5, 0x71, 0x87, 0x64, 0xfd, 0xc2, 0xd1, 0x2c,
    0x8e, 0x5c, 0x08, 0x84, 0xe1, 0xf8, 0x20, 0x1e, 0xd9, 0x50, 0x17, 0xe9,
    0xaa, 0x13, 0xce, 0x66, 0xe9, 0x65, 0x1c, 0x99, 0x90, 0xbb, 0x20, 0xda,
    0x56, 0x9d, 0x71, 0x98, 0x45, 0x9d, 0xaa, 0x5b, 0x13, 0x7e, 0x75, 0x2e,
    0xb3, 0x90, 0x2c, 0x03, 0xfc, 0xff, 0x0d, 0xef, 0xd9, 0xf3, 0x90, 0x2e,
    0xef, 0x21, 0xc6, 0x6b, 0xdd, 0x25, 0x99, 0x43, 0x46, 0xe1, 0x13, 0x59,
    0x9b, 0x5f, 0x03, 0xd5, 0x2a, 0x28, 0x54, 0xc0, 0xa0, 0x63, 0x6e, 0x31,
    0x6d, 0x2b, 0x1d, 0xf4, 0x7a, 0x36, 0x37, 0xf4, 0x27, 0x83, 0x7b, 0xbb,
    0x87, 0x0e, 0xb8, 0x59, 0xb8, 0x38, 0x27, 0x04, 0xa3, 0xcb, 0x8d, 0x4e,
    0x2f, 0x59, 0xcc, 0x92, 0x45, 0xdc, 0xa9, 0x38, 0x4b, 0xdf, 0x44, 0xd4,
    0xa1, 0xec, 0x2d, 0xe9, 0x38, 0x1d, 0x7a, 0xdd, 0x5d, 0x00, 0x46, 0xfe,
    0xbd, 0x67, 0xec, 0x3e, 0x6d, 0xeb, 0xdc, 0xbb, 0x77, 0x6f, 0xe9, 0xdf,
    0x7b, 0xe6, 0x5e, 0x51, 0xf9, 0x58, 0x08, 0xb6, 0xfe, 0x80, 0xfc, 0xdf,
    0xa0, 0x3f, 0x00, 0xe1, 0xd6, 0x3b, 0x6a, 0xd9, 0xa4, 0xec, 0x4d, 0x76,
    0xf7, 0xf7, 0x8f, 0x8e, 0x2b, 0x10, 0x7f, 0x45, 0x66, 0x9b, 0x27, 0x20,
    0xc0, 0x87, 0xca, 0x50, 0x20, 0x45, 0xf2, 0x20, 0x0e, 0xf3, 0xb8, 0xcd,
    0x60, 0xaa, 0x0f, 0xf8, 0x94, 0x8c, 0xe7, 0x5e, 0x32, 0x0e, 0xa7, 0xe9,
    0x05, 0x99, 0x27, 0xd9, 0x6e, 0xcd, 0x62, 0xaf, 0xb6, 0x1c, 0x9b, 0x15,
    0x9b, 0xe4, 0xa0, 0xe5, 0x05, 0xdf, 0x0d, 0xc9, 0x11, 0x74, 0x11, 0x57,
    0x15, 0x3f, 0xea, 0x04, 0xe8, 0xeb, 0x83, 0x41, 0x18, 0x7a, 0xa5, 0x13,
    0x3e, 0xa9, 0x32, 0xa9, 0x13, 0x0f, 0xe2, 0xa3, 0x49, 0xcf, 0x39, 0xee,
    0x78, 0x14, 0xed, 0xc7, 0x7d, 0x7b, 0xdc, 0x7b, 0x7b, 0xe1, 0xee, 0xe8,
    0xc8, 0x1a, 0x3a, 0x82, 0xa1, 0xb3, 0x5f, 0x8d, 0x2f, 0xa3, 0xf1, 0xe0,
    0x60, 0x70, 0xe0, 0x50, 0x73, 0xcc, 0x97, 0xa8, 0x80, 0xbf, 0x0e, 0x13,
    0x56, 0xe4, 0x39, 0x8d, 0x46, 0x75, 0x98, 0xee, 0x77, 0xa3, 0x7b, 0xfd,
    0x71, 0x7f, 0xec, 0x5c, 0xab, 0x7b, 0xf7, 0xfa, 0xa3, 0xfe, 0xa8, 0x64,
    0xbc, 0x32, 0x7e, 0x98, 0x8c, 0xc3, 0xfd, 0x70, 0xdf, 0x39, 0xc6, 0xe4,
    0xe8, 0xb0, 0x7f, 0x88, 0xf0, 0xc3, 0xe1, 0xa4, 0x1f, 0xf5, 0xa3, 0x7a,
    0x87, 0x17, 0x13, 0x9a, 0xf9, 0x7a, 0x4e, 0x54, 0x83, 0x0d, 0x26, 0x2e,
    0xcf, 0xb3, 0x44, 0x01, 0x09, 0xbf, 0x3a, 0x44, 0xe4, 0x93, 0x77, 0xab,
    0x18, 0x10, 0x5a, 0xcf, 0x17, 0x84, 0x2b, 0xb2, 0x78, 0x19, 0x87, 0xab,
    0x26, 0xb0, 0x56, 0x67, 0x92, 0xac, 0xda, 0xc1, 0x3c, 0x59, 0x10, 0xc5,
    0xb7, 0xd9, 0x3f, 0x22, 0x1a, 0x2f, 0xd9, 0xa1, 0x93, 0xac, 0xd5, 0xaa,
    0x78, 0x3e, 0x71, 0x54, 0xe8, 0x79, 0xea, 0xa4, 0xcf, 0xd1, 0x24, 0x9c,
    0x8c, 0xfd, 0x5c, 0x78, 0x14, 0xf7, 0xe2, 0xc3, 0x9a, 0x0a, 0xa5, 0x81,
    0x93, 0xff, 0x4c, 0x8c, 0x92, 0x8c, 0x29, 0xb4, 0xc3, 0x80, 0xd1, 0xc1,
    0x9a, 0xe0, 0xc0, 0x3b, 0x41, 0xf4, 0xdc, 0x23, 0xfa, 0x57, 0x8c, 0xe0,
    0x31, 0x8b, 0x57, 0x2b, 0x58, 0x26, 0xa2, 0x0c, 0x70, 0x44, 0x7b, 0x07,
    0xea, 0x7b, 0x50, 0x13, 0x3b, 0x74, 0x73, 0x4c, 0xd2, 0x8c, 0x28, 0xbf,
    0xeb, 0xe5, 0x32, 0xce, 0xc6, 0x0a, 0xe3, 0x4b, 0x26, 0x39, 0xd8, 0x3b,
    0xdc, 0x3b, 0x1a, 0x39, 0xb1, 0xba, 0x08, 0x67, 0xeb, 0x18, 0xc7, 0xaa,
    0xcf, 0x24, 0xc4, 0x71, 0x8d, 0x93, 0xba, 0x37, 0xe9, 0x1f, 0x0e, 0x42,
    0x6b, 0xb0, 0xf9, 0x7a, 0xa5, 0x31, 0x3f, 0x8e, 0x9b, 0x41, 0x92, 0x7b,
    0x6e, 0x5d, 0x82, 0x30, 0x38, 0xb1, 0xfe, 0x30, 0x1b, 0x44, 0x08, 0x35,
    0xdb, 0x1a, 0xe9, 0x02, 0x2b, 0xdf, 0x38, 0xc3, 0x0f, 0x06, 0x4e, 0x86,
    0xef, 0x23, 0xf8, 0xaf, 0x40, 0x0c, 0x94, 0x69, 0xf3, 0x72, 0xf7, 0xcf,
    0xc2, 0x65, 0x1e, 0x53, 0x76, 0xa3, 0x7f, 0x59, 0xd0, 0xa6, 0x85, 0xd9,
    0xa0, 0x6d, 0x1d, 0xa1, 0xcb, 0x73, 0xc3, 0x48, 0x6e, 0x92, 0x78, 0x3f,
    0x3e, 0x52, 0xb5, 0x5d, 0x65, 0x23, 0xec, 0xb1, 0xb3, 0xe0, 0x20, 0xb3,
    0xd8, 0x8c, 0xea, 0x7d, 0x43, 0xc2, 0x92, 0x93, 0x55, 0x8d, 0x95, 0x5a,
    0x4d, 0x9d, 0x9b, 0x99, 0xe8, 0x20, 0x93, 0x7d, 0x9b, 0x21, 0x57, 0xe1,
    0x6a, 0x7d, 0x1d, 0xfd, 0xd4, 0x49, 0x74, 0x01, 0x3a, 0x4a, 0x2e, 0x54,
    0x96, 0x21, 0x76, 0x91, 0x20, 0xff, 0x5e, 0xcf, 0x36, 0x5c, 0x14, 0x35,
    0xbf, 0x22, 0x52, 0xe5, 0x02, 0x02, 0x97, 0x80, 0xca, 0x40, 0xe3, 0x70,
    0x71, 0x11, 0xe6, 0x65, 0x0c, 0xa2, 0xb8, 0x18, 0xd4, 0x17, 0x02, 0x20,
    0x03, 0xc2, 0xc0, 0x56, 0x30, 0x65, 0xf5, 0xc5, 0x09, 0x27, 0xa3, 0x49,
    0x74, 0x1d, 0x49, 0x7b, 0x80, 0x90, 0x92, 0xa9, 0xe0, 0x95, 0x95, 0xf3,
    0xad, 0x2d, 0x8d, 0x7c, 0x3c, 0x8d, 0xa3, 0xf5, 0x2c, 0xee, 0x90, 0xfe,
    0x69, 0x16, 0xff, 0x1a, 0x56, 0x8f, 0x2a, 0x8b, 0x98, 0x28, 0xaa, 0x8e,
    0xa5, 0x79, 0x42, 0x58, 0x9e, 0x15, 0xb7, 0x08, 0x2e, 0x07, 0xae, 0xfb,
    0x19, 0xdc, 0xed, 0xaa, 0xa8, 0x91, 0xce, 0xd1, 0xac, 0x4d, 0xec, 0x94,
    0x13, 0xf2, 0x10, 0xd8, 0x3d, 0xdc, 0xeb, 0xef, 0x2b, 0xda, 0x0d, 0x6c,
    0xcc, 0x29, 0x9f, 0x61, 0xdf, 0xf4, 0x59, 0x48, 0xe2, 0x0e, 0x9c, 0x82,
    0x9e, 0x19, 0xe5, 0x1d, 0xea, 0x46, 0xbc, 0xf6, 0xce, 0xd5, 0xd6, 0x9f,
    0x36, 0x8e, 0x17, 0x91, 0xff, 0xe4, 0xd7, 0xe5, 0x66, 0x06, 0x33, 0xf1,
    0xe2, 0xa8, 0xcb, 0xa5, 0xf2, 0x33, 0x90, 0x1c, 0x22, 0x15, 0x38, 0xda,
    0xc3, 0x9b, 0xa8, 0xcf, 0x4c, 0x05, 0x6f, 0xdb, 0x12, 0xca, 0x49, 0x01,
    0x47, 0x84, 0xe5, 0x6d, 0xd3, 0x44, 0xc0, 0xa0, 0x57, 0x62, 0x32, 0x98,
    0x06, 0x8e, 0xd7, 0x38, 0xc2, 0x75, 0x0b, 0xa7, 0x03, 0xe8, 0xb3, 0xd8,
    0xb4, 0xed, 0x02, 0xa4, 0xea, 0x6a, 0xf4, 0xd8, 0x1f, 0x92, 0xa8, 0x25,
    0x26, 0xe9, 0x60, 0xff, 0x60, 0x57, 0x73, 0x48, 0xb9, 0x3d, 0x62, 0x85,
    0x7d, 0xd0, 0x8f, 0xf6, 0xe2, 0xe8, 0xc8, 0xe5, 0xfc, 0x1c, 0x10, 0xba,
    0x1f, 0x08, 0xe7, 0xe7, 0xee, 0x61, 0x9b, 0x98, 0x74, 0xc4, 0x7c, 0xde,
    0xdd, 0x6f, 0x53, 0x6d, 0xa9, 0x85, 0xa2, 0xba, 0x0c, 0x17, 0xb8, 0x1b,
    0x54, 0xf5, 0xc1, 0xd9, 0x3d, 0xec, 0xb9, 0xe1, 0x87, 0x8e, 0x94, 0x1f,
    0x09, 0x51, 0xb4, 0x62, 0xbf, 0xee, 0xef, 0x71, 0x13, 0xf7, 0x07, 0x15,
    0xfc, 0xc4, 0xb6, 0x2b, 0x78, 0x0f, 0x71, 0x05, 0x6b, 0xde, 0x92, 0x4f,
    0x71, 0xca, 0xf3, 0xa9, 0x66, 0x84, 0x4d, 0x4a, 0xf7, 0x6e, 0x6d, 0x6f,
    0x5f, 0x75, 0x47, 0xa2, 0xe3, 0xa0, 0x33, 0xd1, 0x64, 0x82, 0xbc, 0x03,
    0xab, 0xb0, 0xac, 0x7c, 0x6e, 0xa3, 0x22, 0x67, 0xbb, 0x93, 0xd5, 0x9a,
    0x8e, 0x29, 0x7a, 0xa5, 0xa5, 0xcd, 0x22, 0x41, 0x6e, 0xf5, 0xd1, 0xed,
    0xff, 0xab, 0x2a, 0xf6, 0xf3, 0x55, 0x16, 0xaf, 0xc6, 0xd3, 0xfa, 0xc4,
    0xe6, 0x04, 0x31, 0xcc, 0x28, 0xc3, 0x5b, 0x6f, 0xaf, 0x25, 0x22, 0x31,
    0x2d, 0x8f, 0x51, 0xb9, 0x79, 0xec, 0xd8, 0x25, 0xa5, 0x7a, 0x2f, 0x27,
    0xe8, 0x3c, 0x4c, 0x16, 0x9f, 0x4c, 0x63, 0x43, 0x15, 0x5b, 0x13, 0x83,
    0x64, 0x8c, 0xe9, 0x21, 0xbb, 0x07, 0xe6, 0x6c, 0x84, 0xb2, 0xb0, 0xa7,
    0xcd, 0xf3, 0x06, 0xd7, 0xbf, 0x94, 0x39, 0x1d, 0x33, 0x1e, 0xd4, 0x70,
    0xac, 0x15, 0xa7, 0x5c, 0x1c, 0xee, 0xc7, 0xf7, 0xbc, 0x24, 0xc9, 0x2f,
    0xce, 0x11, 0xb2, 0x68, 0x93, 0x17, 0x24, 0x51, 0x9f, 0x9a, 0xb0, 0x32,
    0xa2, 0x82, 0x10, 0x36, 0xac, 0xe8, 0x91, 0x70, 0x9d, 0xc2, 0x94, 0xb6,
    0x8a, 0xba, 0x56, 0x47, 0x09, 0xe2, 0x88, 0x40, 0xc3, 0xeb, 0x2b, 0x6a,
    0x2e, 0x44, 0xcc, 0xd1, 0xbc, 0x6e, 0x98, 0x23, 0x74, 0xce, 0x7b, 0x87,
    0xfb, 0xfb, 0x07, 0xce, 0x35, 0x41, 0x3d, 0x28, 0x42, 0xfd, 0x38, 0xac,
    0xe1, 0x25, 0x99, 0x84, 0x0b, 0x21, 0xc6, 0x1c, 0x5b, 0xa0, 0xd3, 0xc9,
    0x97, 0x84, 0xe1, 0xa3, 0x75, 0x16, 0x32, 0x22, 0xf4, 0xbb, 0x07, 0xb9,
    0xc2, 0xb4, 0x8b, 0x64, 0xce, 0x5f, 0x50, 0x58, 0xa4, 0x6d, 0x70, 0x11,
    0x66, 0x4d, 0xa3, 0x5b, 0x8b, 0xd2, 0x2a, 0xcc, 0xc8, 0xce, 0x98, 0x40,
    0xe4, 0x3c, 0xf6, 0x60, 0xc2, 0xfe, 0x5c, 0xc6, 0x71, 0xd4, 0x49, 0x27,
    0x13, 0x17, 0x5e, 0xb8, 0x83, 0x5a, 0x43, 0x08, 0x55, 0x1c, 0xd0, 0x71,
    0x66, 0xe4, 0x84, 0xac, 0x3a, 0xff, 0x41, 0x77, 0x2f, 0xaf, 0x06, 0x75,
    0x1e, 0x93, 0x6d, 0x37, 0xdf, 0x8a, 0xb0, 0x7e, 0xc0, 0x53, 0xb2, 0xd0,
    0xd5, 0xc1, 0xda, 0x40, 0x97, 0xeb, 0xf9, 0xb2, 0x64, 0xd9, 0x4b, 0xfc,
    0xff, 0x0a, 0x04, 0xf6, 0x37, 0xd7, 0xc2, 0x4a, 0xa0, 0xf5, 0x0f, 0xc2,
    0xdd, 0xbd, 0x10, 0x5d, 0x2c, 0x0a, 0x65, 0xbc, 0x19, 0xcf, 0x62, 0xd8,
    0x13, 0xfb, 0x4c, 0xa7, 0xed, 0x90, 0x99, 0xa4, 0xeb, 0x95, 0x93, 0x6b,
    0xfe, 0xee, 0x7d, 0xbc, 0x99, 0x64, 0xe1, 0x3c, 0xce, 0x25, 0xf7, 0x29,
    0xbb, 0x22, 0x4b, 0xe7, 0xca, 0x4f, 0xae, 0x8b, 0x33, 0xef, 0x65, 0x96,
    0x12, 0xe4, 0xe3, 0x66, 0x2f, 0x8a, 0xcf, 0x15, 0x25, 0xec, 0x4a, 0x4a,
    0x92, 0xb4, 0xa4, 0xe7, 0xee, 0x81, 0xa3, 0x2f, 0x82, 0x9b, 0x32, 0x37,
    0x09, 0xb4, 0xf7, 0x7b, 0xd7, 0x08, 0x34, 0xa5, 0xa4, 0xd9, 0x57, 0x60,
    0x07, 0x41, 0x0a, 0x6e, 0xd9, 0xd5, 0x86, 0x1a, 0x68, 0x18, 0xbe, 0xfb,
    0xa5, 0xe0, 0x40, 0xdd, 0x64, 0x8f, 0xc1, 0xcd, 0xf8, 0x53, 0xb3, 0x43,
    0x8e, 0x7a, 0x7c, 0x88, 0x3e, 0x36, 0x00, 0x9c, 0x9a, 0x37, 0x87, 0xb0,
    0xa9, 0xfb, 0x31, 0x1f, 0xab, 0xcb, 0x0f, 0x70, 0x88, 0x1e, 0x34, 0xfa,
    0xd3, 0x6a, 0x31, 0x24, 0x3d, 0x9e, 0xaf, 0x89, 0xcd, 0xa3, 0x5e, 0x0f,
    0xf5, 0x35, 0xf6, 0x51, 0xf9, 0xac, 0x99, 0x08, 0x4e, 0xb3, 0x50, 0x35,
    0xfe, 0x0a, 0x7a, 0x41, 0x12, 0xc8, 0xbe, 0xb4, 0xf5, 0x6c, 0x4b, 0xae,
    0x8d, 0x1a, 0x8a, 0x2e, 0xeb, 0x02, 0x2c, 0x0b, 0x50, 0xb7, 0xec, 0x4c,
    0x13, 0x24, 0x50, 0x89, 0x90, 0xbb, 0x3b, 0x4e, 0x89, 0xbe, 0xa7, 0x1d,
    0xca, 0xaa, 0xa6, 0xc7, 0xe4, 0x36, 0xd1, 0xca, 0x09, 0x61, 0x89, 0xca,
    0xd1, 0xec, 0xef, 0xee, 0x13, 0xbe, 0x6f, 0x0b, 0xad, 0xa1, 0x2d, 0x4c,
    0xc1, 0x6a, 0x63, 0x4d, 0x63, 0xb2, 0xdd, 0xeb, 0x8f, 0x35, 0xb9, 0x77,
    0xb8, 0xdb, 0x3f, 0x20, 0x7f, 0xc4, 0x93, 0x3d, 0xf2, 0x9f, 0x6a, 0x63,
    0x11, 0x89, 0x50, 0x77, 0x9c, 0xc1, 0x60, 0xbc, 0xbf, 0x1f, 0xb7, 0x85,
    0xa0, 0xaa, 0x36, 0x0e, 0x1c, 0x52, 0x0e, 0x43, 0xd2, 0x21, 0x3d, 0x11,
    0x28, 0x2c, 0x3e, 0xa8, 0xc0, 0x51, 0xb6, 0x97, 0x7b, 0xd3, 0xea, 0x9c,
    0x00, 0x16, 0x77, 0xff, 0x00, 0xe3, 0x84, 0x03, 0xe7, 0x4c, 0xe6, 0x69,
    0x14, 0xfb, 0xd3, 0x23, 0xea, 0xa8, 0x13, 0x2a, 0x50, 0x9e, 0x1e, 0xd1,
    0x36, 0xde, 0x81, 0x9c, 0x1e, 0x85, 0x59, 0x7e, 0xdd, 0xb0, 0xc8, 0x6e,
    0x11, 0x0f, 0xe9, 0xb9, 0x82, 0x7f, 0xd5, 0xb5, 0x7f, 0x37, 0x6e, 0x7e,
    0x24, 0xf6, 0x9c, 0x48, 0xc8, 0x93, 0x32, 0x99, 0xcd, 0x6c, 0xc1, 0x56,
    0xd7, 0x41, 0x65, 0x9a, 0x5b, 0xee, 0x70, 0xa2, 0xd7, 0x10, 0xab, 0xbb,
    0xb0, 0x1e, 0xd1, 0xe6, 0x77, 0x01, 0xee, 0x69, 0x38, 0x5d, 0xcf, 0xb2,
    0xd9, 0x36, 0x20, 0x6f, 0x7b, 0xd6, 0xea, 0x7a, 0xd0, 0xd4, 0xb5, 0xeb,
    0x1a, 0x2a, 0x8d, 0x72, 0xbe, 0x1d, 0xf9, 0x3a, 0xfe, 0x2a, 0xbe, 0xb7,
    0xa3, 0x1a, 0xbe, 0x37, 0xce, 0xf4, 0xdb, 0x33, 0xa7, 0x25, 0x4d, 0x8f,
    0x7a, 0x5c, 0x6a, 0x53, 0xa6, 0x6d, 0x0b, 0x4f, 0x42, 0x0b, 0x65, 0xdf,
    0x03, 0xee, 0x8f, 0xf0, 0x73, 0xb1, 0xe6, 0xdd, 0xad, 0xe6, 0x85, 0xad,
    0xc4, 0xde, 0xbf, 0x1e, 0x6f, 0x71, 0xb2, 0x97, 0x65, 0x0b, 0x69, 0xa6,
    0x79, 0x35, 0xf6, 0xe8, 0x0d, 0x8e, 0xf6, 0xc6, 0x87, 0x95, 0xd8, 0xa3,
    0x4f, 0x04, 0x58, 0xff, 0x60, 0x1f, 0xf8, 0x63, 0xb7, 0x84, 0x3f, 0xba,
    0x48, 0x42, 0x89, 0xb2, 0x07, 0xf6, 0xea, 0xa5, 0x84, 0x70, 0x81, 0x0b,
    0x82, 0xd5, 0x70, 0x4f, 0x7a, 0x63, 0x6d, 0x4a, 0x2f, 0x2e, 0x7f, 0xd4,
    0x53, 0x8b, 0x08, 0x22, 0x4d, 0x79, 0x55, 0xbd, 0x01, 0xba, 0x50, 0xf1,
    0x42, 0xec, 0x7a, 0xcd, 0xf5, 0x7b, 0x15, 0xcc, 0x75, 0x2b, 0xe8, 0xe1,
    0xcc, 0xd3, 0xc0, 0x86, 0xf7, 0xa4, 0x47, 0x0c, 0xdc, 0xb9, 0x11, 0x47,
    0x35, 0x8e, 0xe9, 0x71, 0x92, 0x11, 0x5b, 0xc4, 0xa9, 0x6e, 0xef, 0xed,
    0x61, 0xea, 0xb6, 0xfe, 0xb4, 0x76, 0xca, 0x56, 0xad, 0xe3, 0xcd, 0xb5,
    0x5d, 0xb5, 0x4c, 0x11, 0x0f, 0x31, 0xf4, 0xbd, 0x5f, 0x45, 0x3b, 0xaf,
    0xb7, 0xf9, 0x31, 0x5d, 0xde, 0x4f, 0x65, 0xa6, 0xdf, 0xb5, 0x91, 0x03,
    0xc2, 0x78, 0xc3, 0xb7, 0x9b, 0xa5, 0x0f, 0x7a, 0xe2, 0x55, 0x8e, 0x11,
    0x99, 0x64, 0x41, 0x87, 0x34, 0x5e, 0x89, 0x31, 0x8d, 0xc7, 0x98, 0x9a,
    0x6a, 0x89, 0x2b, 0xcb, 0x0c, 0x24, 0x5b, 0xc4, 0x6d, 0x0c, 0x14, 0xc1,
    0xdb, 0x55, 0x7a, 0x7e, 0x3e, 0x8b, 0x3f, 0xa1, 0xb3, 0xb7, 0x02, 0x0b,
    0x56, 0x74, 0x8a, 0x3b, 0x99, 0xdc, 0xcb, 0xc1, 0x7f, 0x0b, 0x67, 0x14,
    0xbe, 0x68, 0x65, 0x1a, 0x0d, 0xb5, 0xa1, 0x6a, 0x6a, 0x34, 0x86, 0x5f,
    0xc8, 0xa7, 0xd1, 0xc0, 0x91, 0x75, 0x0f, 0xd4, 0x9a, 0x3d, 0xd7, 0x89,
    0xa5, 0xc5, 0x93, 0x8c, 0xf4, 0x1b, 0xc5, 0x5b, 0x8b, 0x07, 0xf9, 0x5d,
    0xf9, 0x46, 0xfb, 0x95, 0xdd, 0xb4, 0xf7, 0xef, 0x16, 0x57, 0x80, 0xee,
    0xdf, 0x15, 0x77, 0x94, 0xee, 0xc3, 0x4d, 0x20, 0x7e, 0x43, 0x88, 0x05,
    0xe2, 0xc5, 0x15, 0xa1, 0xfb, 0xd3, 0xbe, 0x7d, 0x37, 0x89, 0x3c, 0x13,
    0xaf, 0x21, 0x54, 0x3f, 0x9e, 0x85, 0x79, 0x7e, 0xb2, 0xa3, 0x44, 0xf0,
    0x77, 0x4e, 0x0b, 0x5c, 0x68, 0x8b, 0x24, 0x3a, 0xd9, 0x21, 0x02, 0x23,
    0x27, 0x5c, 0xb2, 0x73, 0xfa, 0x67, 0xf6, 0xc7, 0x30, 0x88, 0xf7, 0xe3,
    0x51, 0xaf, 0xd7, 0x03, 0x1f, 0xf6, 0x6a, 0x73, 0xff, 0x2e, 0x69, 0x88,
    0x74, 0xbb, 0x4c, 0x26, 0xc9, 0xb3, 0xc5, 0x24, 0xdd, 0x39, 0x45, 0x5a,
    0x9c, 0xfe, 0xb8, 0x5c, 0x25, 0x73, 0x42, 0x82, 0xfb, 0xf9, 0x92, 0xd8,
    0xd3, 0xd0, 0x7e, 0x4d, 0x9f, 0xec, 0x9c, 0x76, 0xc8, 0x44, 0xc9, 0xb3,
    0x53, 0x17, 0x5c, 0xb2, 0x05, 0x32, 0xb2, 0x53, 0x5f, 0x89, 0xc6, 0x4a,
    0x2b, 0xe5, 0x07, 0x23, 0x11, 0x90, 0xe3, 0x96, 0x39, 0x5d, 0x48, 0x3a,
    0x28, 0xe6, 0x79, 0x9f, 0x9f, 0x56, 0xf2, 0x9d, 0x38, 0xbf, 0x18, 0x3b,
    0xee, 0x04, 0x51, 0xb8, 0x0a, 0x3b, 0xe4, 0xf9, 0xc9, 0x0e, 0x63, 0x80,
    0x9d, 0xd3, 0x33, 0xfa, 0xef, 0xfd, 0xbb, 0xac, 0x61, 0x29, 0x24, 0x15,
    0x44, 0x18, 0x5d, 0x84, 0x8b, 0x71, 0x1c, 0xed, 0x9c, 0x3e, 0xe4, 0x7f,
    0xe9, 0x60, 0xf8, 0x0c, 0x6e, 0x69, 0x33, 0x66, 0xe3, 0xbe, 0x0a, 0x47,
    0x3b, 0x2a, 0x70, 0x16, 0xd8, 0xe6, 0x58, 0x16, 0x48, 0x88, 0x9b, 0x4a,
    0xbc, 0xa1, 0x12, 0x95, 0x36, 0x97, 0x56, 0x6f, 0x41, 0xb4, 0x25, 0xa5,
    0x81, 0x9c, 0xcd, 0x6a, 0xb3, 0x8c, 0x4f, 0x76, 0xc4, 0x44, 0x24, 0x36,
    0x2f, 0x41, 0x7a, 0x7f, 0xcb, 0x1f, 0xeb, 0xa0, 0x34, 0xa7, 0x5b, 0x3a,
    0x99, 0xec, 0x9c, 0x7e, 0xff, 0xf4, 0xa9, 0x49, 0x2d, 0x07, 0x1a, 0xd2,
    0x6f, 0xa0, 0x0e, 0xf6, 0x82, 0x3c, 0x7d, 0x4e, 0x1f, 0x9e, 0x3e, 0x8b,
    0x80, 0xf2, 0x1a, 0x67, 0xa0, 0x80, 0xd4, 0xa8, 0xaf, 0x36, 0x31, 0xbd,
    0xb5, 0x1e, 0x72, 0x55, 0xc2, 0x16, 0x5a, 0xb0, 0x40, 0xc5, 0xe5, 0x69,
    0xb8, 0x38, 0xa3, 0x4d, 0x0c, 0xa8, 0x28, 0x5c, 0x88, 0x3c, 0x5a, 0xed,
    0x02, 0xce, 0xf4, 0x7a, 0x53, 0xb0, 0x03, 0x8d, 0x71, 0x9e, 0xd1, 0x47,
    0x61, 0x96, 0x84, 0x9d, 0x69, 0x12, 0x45, 0xf1, 0x82, 0x2c, 0x7c, 0xb6,
    0x8e, 0x11, 0x80, 0x00, 0xf2, 0xe2, 0x3c, 0x80, 0x3b, 0x86, 0xdf, 0xa6,
    0x1f, 0x4e, 0x76, 0x7a, 0xe0, 0xb6, 0xd9, 0x23, 0xff, 0xdd, 0x09, 0x26,
    0xe4, 0x7c, 0x3e, 0xd9, 0x01, 0x07, 0xe5, 0x0e, 0x44, 0x7f, 0xd3, 0xf7,
    0x71, 0xb1, 0x85, 0x1e, 0x81, 0xb4, 0x11, 0x4f, 0x59, 0x24, 0xf5, 0x64,
    0x67, 0xb7, 0x78, 0x00, 0xe7, 0xe5, 0x38, 0x5c, 0x9e, 0xec, 0x50, 0x11,
    0xac, 0x3d, 0xfe, 0x85, 0x1c, 0x3f, 0xe2, 0x39, 0x86, 0x0d, 0xc1, 0x87,
    0x29, 0x0d, 0xc1, 0x98, 0x60, 0xb3, 0x3b, 0x20, 0x2c, 0xb2, 0x61, 0xff,
    0x66, 0x27, 0x3b, 0xfb, 0xdd, 0x7d, 0x81, 0x96, 0x8e, 0xc8, 0x5d, 0x07,
    0xa8, 0x65, 0xb8, 0x9a, 0xa2, 0x6f, 0xc8, 0xf1, 0x7e, 0xb2, 0xf3, 0x62,
    0x77, 0x37, 0xe8, 0x0f, 0xc6, 0xbd, 0xce, 0x5e, 0x77, 0x8f, 0xfc, 0xef,
    0xa8, 0x73, 0xd8, 0x39, 0xea, 0xee, 0x92, 0xbf, 0x0e, 0x3a, 0x03, 0x22,
    0x8f, 0xf7, 0x3a, 0x83, 0xee, 0x61, 0xb0, 0xd7, 0xed, 0x77, 0xfa, 0xdd,
    0xa3, 0xe0, 0xa0, 0xbb, 0x3b, 0x1b, 0x74, 0xfb, 0x01, 0xc1, 0x61, 0x4c,
    0x8c, 0x44, 0x08, 0x8e, 0x04, 0x03, 0xfa, 0xbf, 0x7e, 0xb0, 0x4b, 0xde,
    0xf7, 0x67, 0x7b, 0xdd, 0x43, 0xd2, 0x77, 0xf7, 0x11, 0x40, 0xdd, 0x87,
    0xa7, 0xe4, 0xdf, 0xdd, 0xee, 0x3e, 0xfd, 0x77, 0xf0, 0x1f, 0x76, 0x1c,
    0x78, 0x20, 0xd3, 0x41, 0x5b, 0x6e, 0x39, 0xc5, 0xfd, 0x01, 0x19, 0x7f,
    0x4c, 0x26, 0x48, 0xd6, 0x15, 0xd0, 0x3b, 0x0a, 0x60, 0x7a, 0x30, 0x4d,
    0x3a, 0xc1, 0x0e, 0x4c, 0x8f, 0x4c, 0xb3, 0x73, 0x40, 0x9f, 0x1c, 0xcd,
    0x3a, 0x64, 0x7e, 0x30, 0xa7, 0x71, 0x07, 0x26, 0xd8, 0x03, 0x52, 0x90,
    0xa9, 0x90, 0x89, 0x76, 0xe8, 0x34, 0xc9, 0x24, 0x77, 0x09, 0x84, 0xc3,
    0x47, 0x7b, 0x47, 0xdd, 0x7b, 0x30, 0xb3, 0xfd, 0x1e, 0x9b, 0x21, 0x1d,
    0xe7, 0xd7, 0x9a, 0xe4, 0x2e, 0x59, 0x16, 0xb2, 0x8e, 0x01, 0x4c, 0x13,
    0xa6, 0x78, 0x18, 0x1c, 0x51, 0x34, 0xc9, 0xea, 0xc0, 0x34, 0x83, 0x01,
    0x5d, 0x99, 0x3e, 0x59, 0xb3, 0x23, 0x98, 0xe8, 0x0c, 0xe6, 0x04, 0x13,
    0x1d, 0x77, 0x60, 0x82, 0x7d, 0x3a, 0x49, 0x3a, 0xd1, 0x0e, 0x99, 0x62,
    0xa7, 0x3f, 0x23, 0x8d, 0x61, 0xe1, 0xc9, 0x52, 0xf6, 0x03, 0x36, 0xd1,
    0x3e, 0x9f, 0x28, 0x0c, 0xf4, 0x6b, 0xcd, 0xb2, 0x4f, 0x48, 0x4c, 0xd6,
    0x85, 0xae, 0x65, 0x07, 0xf0, 0x3b, 0x02, 0x56, 0xa5, 0x53, 0xa5, 0x93,
    0x04, 0x56, 0x85, 0xa9, 0x02, 0xab, 0xc2, 0x54, 0x67, 0x64, 0x86, 0x30,
    0xa9, 0x31, 0x4c, 0xb0, 0xc7, 0x58, 0x15, 0x26, 0x1a, 0xd0, 0x69, 0xc2,
    0x24, 0x81, 0xd7, 0x0f, 0x1f, 0x31, 0x66, 0xed, 0x73, 0x66, 0x25, 0xff,
    0xc2, 0x38, 0x9f, 0x66, 0x92, 0xe4, 0x80, 0xbe, 0x38, 0x47, 0xa4, 0x1a,
    0x3b, 0xb7, 0xed, 0xe7, 0xb6, 0x5c, 0x04, 0x13, 0xda, 0x21, 0xc6, 0x6c,
    0xc9, 0xc8, 0x8e, 0x83, 0x53, 0x22, 0x10, 0x5d, 0x23, 0xe0, 0xfd, 0xa8,
    0xc1, 0x8b, 0x8a, 0xee, 0x57, 0x74, 0xf8, 0xef, 0x27, 0x13, 0x27, 0xca,
    0xe6, 0x09, 0xe3, 0x7e, 0x68, 0x4f, 0x8e, 0x67, 0x23, 0xa8, 0x23, 0x3f,
    0x9c, 0x8f, 0xc0, 0x87, 0xf5, 0x8a, 0x18, 0xe4, 0xa6, 0xce, 0xe2, 0x84,
    0xed, 0x3e, 0xa6, 0x94, 0x28, 0xa9, 0x76, 0x24, 0x93, 0xc7, 0x9f, 0xe5,
    0x68, 0x82, 0x81, 0x7e, 0xd3, 0x67, 0x13, 0x64, 0x5e, 0x04, 0x04, 0x95,
    0x3e, 0xc1, 0x81, 0x9c, 0x4b, 0xfd, 0xde, 0x4e, 0x20, 0x46, 0x38, 0xd8,
    0xe1, 0x9e, 0x89, 0x93, 0x9d, 0x3d, 0xf2, 0x36, 0x23, 0xad, 0x0e, 0xdc,
    0x27, 0x13, 0x76, 0xc8, 0xed, 0xd2, 0x43, 0xae, 0xbf, 0xbb, 0x4d, 0xaf,
    0x6a, 0x43, 0x01, 0x62, 0xd0, 0xa9, 0x7f, 0x44, 0x3b, 0x0d, 0x5c, 0xe7,
    0xa9, 0x20, 0x29, 0x23, 0xb0, 0x4f, 0x5e, 0x51, 0xc9, 0x34, 0x20, 0x42,
    0xe3, 0x68, 0xda, 0xdf, 0xdf, 0xf9, 0x92, 0x76, 0x3d, 0xf0, 0xda, 0x35,
    0xb7, 0xbd, 0xdc, 0x17, 0x6c, 0xdf, 0x33, 0x15, 0xf2, 0xf3, 0x6c, 0x7c,
    0x18, 0xbb, 0xc6, 0xae, 0x37, 0x6d, 0x1e, 0xc4, 0x04, 0x2a, 0x51, 0xdb,
    0x1d, 0x2a, 0x35, 0x8f, 0x9a, 0x99, 0x9a, 0x30, 0xaa, 0xe4, 0xf3, 0xee,
    0x6a, 0x94, 0x42, 0xb3, 0x85, 0x14, 0xb8, 0x27, 0x3b, 0x44, 0x4f, 0xb6,
    0xa5, 0x8d, 0xba, 0x2a, 0x54, 0x78, 0x9c, 0xfe, 0xdf, 0xff, 0xf1, 0x4f,
    0xff, 0x0b, 0xa7, 0x39, 0x6d, 0xec, 0x12, 0xee, 0x98, 0xd5, 0x50, 0x1d,
    0x6d, 0x0c, 0x5f, 0x1e, 0x29, 0xae, 0x86, 0xf3, 0x7f, 0xfb, 0x9f, 0x3e,
    0x9c, 0xbf, 0x63, 0xa0, 0x3e, 0x0f, 0xde, 0x3c, 0x9a, 0x5e, 0x05, 0xef,
    0xbf, 0xfe, 0xf7, 0xff, 0xf4, 0x7f, 0xfe, 0xf7, 0x7f, 0xf5, 0x61, 0xfe,
    0x88, 0x01, 0xab, 0x8a, 0xf9, 0xa7, 0xe0, 0x4a, 0x11, 0x13, 0xad, 0xc3,
    0x91, 0xbc, 0x8f, 0x4e, 0x1e, 0xf2, 0xf0, 0x64, 0x87, 0x59, 0x99, 0x70,
    0x9e, 0xd7, 0xa6, 0xbb, 0x1b, 0xe8, 0x0c, 0x66, 0xf1, 0x3c, 0xbd, 0xbc,
    0x51, 0xa0, 0x2c, 0x79, 0x6b, 0xe7, 0xf4, 0x05, 0xfd, 0xf7, 0x46, 0x41,
    0x43, 0xfa, 0xd6, 0xce, 0xe9, 0x77, 0xe4, 0xff, 0x6f, 0x6a, 0x11, 0x03,
    0x23, 0x9e, 0x52, 0xc1, 0x43, 0xc0, 0x61, 0x68, 0x2e, 0x63, 0x55, 0x20,
    0x82, 0x30, 0x7c, 0x9c, 0x5e, 0x02, 0x9b, 0xfe, 0x97, 0x7f, 0xaa, 0xe8,
    0x14, 0x50, 0xe3, 0x18, 0x1e, 0x5b, 0x9e, 0x9f, 0x18, 0x30, 0x42, 0x9c,
    0x11, 0x71, 0x9f, 0xc5, 0x25, 0x5a, 0x95, 0x75, 0x52, 0xbc, 0x0a, 0xb3,
    0xf3, 0x78, 0xf5, 0x67, 0xfa, 0x18, 0x11, 0xd8, 0xf6, 0x83, 0xad, 0x49,
    0xf0, 0x23, 0x39, 0x11, 0xee, 0xd8, 0xd3, 0xdf, 0x62, 0x6b, 0x95, 0xf8,
    0x69, 0xce, 0xb8, 0x93, 0xf5, 0x15, 0xf5, 0xb1, 0x9a, 0xae, 0x1a, 0xc3,
    0x05, 0x6b, 0x12, 0x17, 0x93, 0x89, 0xff, 0xfc, 0x9f, 0x51, 0xb1, 0x41,
    0x1f, 0x89, 0xc1, 0xec, 0x16, 0xe5, 0x53, 0x5d, 0xaa, 0x48, 0x73, 0xdd,
    0x16, 0x73, 0xe9, 0x80, 0x3b, 0x71, 0x29, 0x1d, 0x7e, 0xdc, 0xdf, 0xe5,
    0xf1, 0x9e, 0x09, 0x97, 0x1b, 0xea, 0x3f, 0xb3, 0x1d, 0x67, 0x14, 0x0b,
    0x3a, 0xd2, 0x19, 0x7b, 0xa2, 0xfa, 0xcd, 0xa6, 0x83, 0xd3, 0x47, 0x4c,
    0xc5, 0x0a, 0x18, 0x8e, 0xf7, 0xef, 0x92, 0x47, 0xf8, 0x7a, 0xd9, 0x9a,
    0x38, 0x75, 0x7c, 0x82, 0x2f, 0x4b, 0x75, 0x7b, 0xe6, 0x9b, 0x9c, 0xf0,
    0x37, 0x3c, 0x75, 0xba, 0x3e, 0x79, 0x4f, 0x72, 0x46, 0xaa, 0x1d, 0xc9,
    0x9e, 0xd7, 0x7b, 0x05, 0x4d, 0xed, 0xe5, 0x19, 0x78, 0xaf, 0xe4, 0xdb,
    0x16, 0x0e, 0xf4, 0x51, 0x3a, 0x5f, 0x66, 0x71, 0x4e, 0x83, 0x0a, 0xb2,
    0xfb, 0xb8, 0x78, 0x5a, 0x86, 0x94, 0xec, 0x1f, 0x80, 0x47, 0x36, 0x5d,
    0xaf, 0x70, 0x38, 0xfc, 0x65, 0x0d, 0x70, 0x44, 0x9c, 0xfb, 0x41, 0x92,
    0x06, 0x95, 0xa1, 0xa6, 0xb3, 0x88, 0x08, 0x9d, 0xe0, 0x21, 0xd5, 0x63,
    0x70, 0x70, 0xa2, 0x51, 0x65, 0x60, 0x3f, 0xc4, 0x60, 0x43, 0xd1, 0x48,
    0x8f, 0x0f, 0x5e, 0xd1, 0xac, 0x0c, 0x30, 0xdf, 0x3d, 0x06, 0xc0, 0xbc,
    0x78, 0x0a, 0x1c, 0x17, 0x57, 0x04, 0x12, 0x07, 0xdf, 0x91, 0xd1, 0x11,
    0x38, 0x31, 0x3c, 0xaf, 0x04, 0x89, 0x09, 0x43, 0x15, 0xc4, 0x8a, 0x3e,
    0x91, 0xfd, 0xfe, 0xed, 0x5f, 0x1f, 0xe1, 0x5d, 0xbf, 0x03, 0x9e, 0x26,
    0x54, 0x48, 0x72, 0xb5, 0xfb, 0xb4, 0x78, 0x5a, 0x01, 0x84, 0xca, 0x57,
    0x44, 0x5e, 0x06, 0xcf, 0x93, 0x79, 0xe2, 0x62, 0x2d, 0xf2, 0x9e, 0xbe,
    0xae, 0x07, 0xf6, 0x45, 0x42, 0xf8, 0x81, 0xd9, 0xe5, 0x38, 0x5c, 0xd2,
    0x80, 0xbf, 0xaf, 0x04, 0x98, 0x73, 0x05, 0x60, 0xe3, 0x67, 0x88, 0xc2,
    0x1e, 0xa8, 0x08, 0xf1, 0x71, 0x91, 0x73, 0xed, 0x83, 0x4a, 0xb0, 0x5d,
    0xaf, 0x62, 0x85, 0xb4, 0x10, 0x97, 0xc2, 0x21, 0x23, 0xb3, 0x0e, 0x6b,
    0x4c, 0x34, 0x99, 0xe9, 0x98, 0x24, 0xb3, 0x0a, 0xdd, 0x9e, 0x2c, 0xe2,
    0xec, 0x7c, 0xa3, 0x76, 0x8c, 0xe9, 0x13, 0x05, 0xdf, 0xd7, 0x53, 0x9f,
    0x8e, 0xa2, 0x88, 0x7a, 0x43, 0x64, 0x1b, 0xf2, 0x39, 0x5d, 0x4c, 0x92,
    0x73, 0x4e, 0x32, 0x43, 0x3c, 0xd3, 0xd0, 0x3a, 0x43, 0x1a, 0x1a, 0x3d,
    0x25, 0x3f, 0x9d, 0x7a, 0x2a, 0x64, 0xe8, 0x21, 0xca, 0x86, 0xa5, 0x50,
    0xb3, 0xac, 0x0e, 0x02, 0x59, 0xec, 0x8f, 0x67, 0x50, 0x12, 0x6d, 0x87,
    0x6f, 0x9f, 0x40, 0xd1, 0x46, 0x82, 0x26, 0xa1, 0x0e, 0x11, 0xc3, 0xb4,
    0x87, 0x05, 0x87, 0x56, 0x52, 0x53, 0xb6, 0x19, 0x03, 0xc3, 0x8b, 0x07,
    0xf2, 0x9d, 0xc7, 0x4f, 0xf9, 0xc5, 0x7a, 0x3e, 0x8a, 0xa9, 0x7d, 0x1f,
    0x2f, 0x4f, 0x76, 0x7a, 0xdd, 0xbe, 0x65, 0xb1, 0x3b, 0x14, 0x1f, 0x1f,
    0xf2, 0x72, 0x77, 0xf2, 0x09, 0xc8, 0x4d, 0x5c, 0x15, 0x71, 0x13, 0x04,
    0x47, 0x5e, 0xd9, 0xf7, 0x9f, 0x72, 0x02, 0x88, 0x40, 0xe0, 0x33, 0x41,
    0x65, 0x49, 0x85, 0x49, 0x59, 0xde, 0x01, 0x87, 0xdc, 0x61, 0xc3, 0x58,
    0xad, 0xd9, 0xec, 0x31, 0x39, 0x65, 0x35, 0xd5, 0xc8, 0x62, 0xbd, 0x95,
    0x64, 0xb2, 0x5e, 0xcd, 0xc1, 0xd7, 0xd5, 0x33, 0x9f, 0xdf, 0x24, 0x31,
    0xa5, 0x14, 0xb4, 0xa9, 0xa9, 0x88, 0xd0, 0xeb, 0x93, 0xd3, 0x1c, 0xa8,
    0x94, 0x9e, 0x8a, 0x7c, 0xbe, 0x29, 0x82, 0xde, 0x24, 0xe1, 0x54, 0x71,
    0x6f, 0x93, 0x4e, 0x3b, 0x2f, 0xae, 0x4f, 0x3c, 0x7b, 0xb0, 0x52, 0xf2,
    0x69, 0xc7, 0xd1, 0x6f, 0x89, 0x23, 0x8d, 0x13, 0xcf, 0x43, 0x5b, 0x71,
    0x72, 0x06, 0xcd, 0x39, 0x6b, 0x7b, 0x23, 0x34, 0xd6, 0xc6, 0xad, 0x4c,
    0x66, 0x71, 0x3e, 0x7f, 0xf9, 0x94, 0xe6, 0x86, 0x05, 0xa7, 0x2b, 0xb1,
    0x3a, 0x02, 0xf8, 0xe9, 0xa2, 0x1c, 0x2b, 0xc6, 0xa1, 0x5a, 0x24, 0x9a,
    0xf0, 0x2f, 0xac, 0x14, 0xdb, 0xd5, 0x9a, 0x2e, 0xe9, 0xda, 0x50, 0x2b,
    0x9c, 0x68, 0x20, 0xeb, 0x55, 0xba, 0x73, 0xfa, 0x90, 0xfc, 0x3f, 0x5c,
    0xdd, 0x1a, 0xdf, 0xbf, 0xcb, 0x5e, 0x97, 0xf6, 0x93, 0xae, 0x9f, 0x8a,
    0x1d, 0xa4, 0x5b, 0xa7, 0x62, 0x07, 0xd3, 0x65, 0x53, 0xb1, 0x9b, 0xea,
    0x8e, 0xc1, 0xbb, 0x80, 0x4a, 0x03, 0xc4, 0xbb, 0xf6, 0x8a, 0x49, 0x1b,
    0x92, 0x2f, 0xda, 0x19, 0x7d, 0x50, 0x75, 0xdd, 0xcc, 0xee, 0x7c, 0xe9,
    0x54, 0xcb, 0xb4, 0x6c, 0xb2, 0x85, 0x7b, 0xb2, 0x70, 0x2d, 0x56, 0xa5,
    0x92, 0xf0, 0xc7, 0x16, 0xde, 0xd4, 0x8a, 0x1d, 0xa9, 0xe3, 0x19, 0x98,
    0xf3, 0xfb, 0xc5, 0x6c, 0x53, 0xb9, 0x57, 0x12, 0x81, 0x97, 0x83, 0x45,
    0x00, 0x3e, 0xf1, 0xa2, 0x40, 0x36, 0xd3, 0x3f, 0xa4, 0x8b, 0x98, 0xf0,
    0x66, 0x2e, 0xb5, 0x42, 0xfe, 0x30, 0x60, 0x4f, 0x83, 0xe6, 0x34, 0x5d,
    0x67, 0x39, 0xbb, 0x52, 0xf8, 0xe3, 0xab, 0x6d, 0xce, 0x00, 0x6c, 0x18,
    0x87, 0x50, 0xd2, 0x9b, 0x6e, 0x2b, 0x89, 0x06, 0xfb, 0x0e, 0x51, 0xd4,
    0xe9, 0x0f, 0x90, 0x37, 0x21, 0x8b, 0xb3, 0xd5, 0x94, 0x52, 0xf6, 0x03,
    0x46, 0x59, 0xe1, 0x8c, 0xa2, 0xc9, 0x9c, 0xa6, 0x7a, 0x2e, 0x35, 0x51,
    0x69, 0x34, 0xeb, 0x1c, 0x5d, 0x3c, 0x16, 0x9a, 0x28, 0x79, 0x30, 0x7e,
    0x3f, 0x4a, 0x3f, 0xec, 0x08, 0x06, 0xa1, 0x41, 0x4c, 0x13, 0xbd, 0x27,
    0x0b, 0x5a, 0xec, 0x4c, 0x76, 0xd7, 0x30, 0xb5, 0x56, 0x4c, 0xe5, 0x82,
    0xcb, 0x38, 0x7e, 0x1f, 0x85, 0x1b, 0xbe, 0xfc, 0x1a, 0xd4, 0xd7, 0xec,
    0x55, 0x50, 0x98, 0xec, 0xcd, 0xef, 0xbe, 0x1b, 0xbe, 0x78, 0x71, 0xf2,
    0xea, 0xc9, 0x8b, 0x97, 0x7f, 0x01, 0xaf, 0xff, 0xf1, 0x5f, 0xff, 0xf1,
    0x5f, 0x82, 0xbf, 0xfe, 0xe3, 0x3f, 0x07, 0xf0, 0x23, 0x60, 0xec, 0x0a,
    0xa5, 0xbd, 0xe3, 0xee, 0x79, 0x37, 0xe0, 0x3b, 0xee, 0x2e, 0x70, 0x74,
    0xab, 0x04, 0x1f, 0xd5, 0x2d, 0xe5, 0x28, 0x96, 0xb4, 0xa3, 0x39, 0x09,
    0x9e, 0xd1, 0x97, 0x8f, 0xc4, 0x3b, 0x83, 0xce, 0xaa, 0xe4, 0xd1, 0x3a,
    0x9c, 0xd1, 0x9d, 0x43, 0xf6, 0x17, 0xfd, 0x25, 0xe8, 0x15, 0x43, 0x53,
    0x94, 0xb1, 0x35, 0x21, 0x84, 0x42, 0xba, 0xe5, 0xdd, 0xcd, 0xfd, 0xde,
    0xce, 0x69, 0xbf, 0x17, 0xf0, 0xc3, 0xdd, 0xb9, 0xa3, 0xf5, 0x4e, 0x03,
    0xd2, 0x69, 0x50, 0xb7, 0xd3, 0x2e, 0xe9, 0xb4, 0x5b, 0xb7, 0xd3, 0x1e,
    0xe9, 0xb4, 0x57, 0xb7, 0xd3, 0x3e, 0xe9, 0xb4, 0x5f, 0xb7, 0xd3, 0x01,
    0xe9, 0x74, 0x50, 0xb7, 0xd3, 0x21, 0xe9, 0x74, 0x58, 0xb7, 0xd3, 0x11,
    0xe9, 0x74, 0x54, 0xb7, 0xd3, 0x3d, 0xd2, 0xe9, 0x5e, 0xdd, 0x4e, 0xfd,
    0x1e, 0x5d, 0xdd, 0xda, 0xdd, 0x28, 0x53, 0xd4, 0xe6, 0x8a, 0x3e, 0x61,
    0x0b, 0x5e, 0x58, 0x2c, 0x8e, 0x4e, 0xfb, 0x65, 0x0c, 0xe2, 0x38, 0x25,
    0xdc, 0xce, 0x78, 0x8d, 0xbb, 0x79, 0xde, 0xe4, 0xe9, 0xc3, 0xe5, 0x72,
    0xb6, 0x09, 0xa6, 0x44, 0x41, 0xac, 0x10, 0xb1, 0xa1, 0x3e, 0x72, 0xbe,
    0x8b, 0x69, 0x15, 0x4a, 0x63, 0x77, 0x80, 0x1e, 0x9f, 0x66, 0x61, 0x96,
    0x70, 0x90, 0xc1, 0x6a, 0x1a, 0xd3, 0x52, 0x67, 0x54, 0x9f, 0x92, 0x9b,
    0x71, 0x95, 0x06, 0xef, 0xe3, 0x78, 0x49, 0x24, 0xf3, 0x62, 0x1d, 0xce,
    0x82, 0x30, 0x82, 0x9b, 0x72, 0x73, 0x62, 0x45, 0xe5, 0xb0, 0x4f, 0x83,
    0x30, 0xc8, 0xa7, 0x69, 0xb6, 0x0a, 0xe0, 0xb0, 0xe8, 0x6a, 0xd8, 0x2c,
    0x0d, 0x5c, 0xec, 0x79, 0xbd, 0x20, 0x1a, 0x6f, 0x78, 0xae, 0x44, 0x19,
    0xd0, 0x9a, 0x6a, 0x9a, 0x07, 0x9f, 0xc2, 0x12, 0xa5, 0xe2, 0x6f, 0x99,
    0x87, 0x9b, 0x26, 0x3d, 0x6f, 0xd9, 0x27, 0x1a, 0x7f, 0xaf, 0xbf, 0xca,
    0xd2, 0xcb, 0x1c, 0x72, 0x45, 0xb4, 0x87, 0xcb, 0x59, 0x38, 0x8e, 0x81,
    0x2c, 0x31, 0x91, 0x5a, 0xbd, 0x83, 0x61, 0xaf, 0x77, 0x32, 0xd8, 0xed,
    0xf6, 0xfe, 0xc2, 0xc5, 0xe8, 0x71, 0xef, 0x1e, 0x7d, 0x74, 0xa0, 0x3c,
    0xea, 0x1f, 0x0e, 0x77, 0x69, 0xab, 0xfd, 0xe2, 0xd1, 0x60, 0x40, 0x5b,
    0xed, 0x93, 0x56, 0x54, 0x93, 0x50, 0x86, 0x20, 0x93, 0x12, 0xd3, 0xf0,
    0x9d, 0x05, 0xf1, 0x22, 0x72, 0x9d, 0x05, 0xe4, 0xd5, 0x67, 0x38, 0x0b,
    0xbc, 0xb4, 0x2e, 0xb0, 0x73, 0xd0, 0x9a, 0xbc, 0xaf, 0x4d, 0xeb, 0x23,
    0x4e, 0x6b, 0x49, 0xc5, 0xbe, 0xa4, 0x62, 0xf1, 0xe8, 0xc8, 0x5a, 0x91,
    0xc1, 0x2e, 0x6f, 0xb5, 0x5f, 0x99, 0xd6, 0xda, 0xf6, 0xcb, 0xd7, 0x23,
    0xea, 0x13, 0x3e, 0x0b, 0x2f, 0xe2, 0xc0, 0xf0, 0x0a, 0x22, 0x9b, 0x6d,
    0xa9, 0x38, 0x06, 0xcf, 0x30, 0x3e, 0xbd, 0x7f, 0x17, 0xdc, 0x87, 0x75,
    0xdd, 0x91, 0xcf, 0xd3, 0x73, 0x4f, 0x90, 0xc8, 0x72, 0x32, 0xaa, 0x2f,
    0x65, 0x31, 0x4d, 0xf3, 0x00, 0x9e, 0xee, 0x9e, 0x22, 0x7e, 0x45, 0xf2,
    0x54, 0x6f, 0xc6, 0x4b, 0x70, 0x52, 0x2d, 0x51, 0x36, 0x7f, 0x04, 0x60,
    0x77, 0xb4, 0x41, 0x8a, 0xf4, 0xa7, 0x43, 0x90, 0x82, 0x22, 0xff, 0x69,
    0x17, 0x4e, 0xca, 0xfb, 0x77, 0x19, 0x14, 0xbf, 0x60, 0xaa, 0x84, 0x35,
    0xda, 0x88, 0x7f, 0x77, 0xc0, 0x3e, 0xe9, 0xc9, 0x6c, 0x68, 0x8e, 0x79,
    0xd0, 0x7c, 0x8d, 0xcc, 0x4d, 0x07, 0xa7, 0x97, 0xe5, 0x2f, 0xcb, 0x6a,
    0xc3, 0x8a, 0xf8, 0xef, 0x9c, 0xfe, 0x00, 0x65, 0xae, 0xab, 0x24, 0x33,
    0x21, 0xb5, 0xfa, 0xf1, 0xa4, 0x26, 0x5f, 0x70, 0x58, 0xab, 0xbf, 0xaf,
    0x65, 0xd7, 0x28, 0xe0, 0x8b, 0x7c, 0x2e, 0x47, 0x1e, 0x1b, 0x0f, 0x45,
    0xa2, 0xb9, 0x5a, 0x58, 0x5e, 0x41, 0x4d, 0xbc, 0x30, 0x84, 0x22, 0x2b,
    0x02, 0x2f, 0xfe, 0xf3, 0x32, 0xcc, 0x57, 0xa4, 0xc3, 0xe6, 0x73, 0x62,
    0x03, 0x22, 0xc9, 0x87, 0x0e, 0xbc, 0xff, 0x9c, 0xf8, 0xcc, 0x09, 0x4f,
    0x4d, 0x7d, 0x08, 0xd1, 0x06, 0x9f, 0x13, 0xa3, 0x4d, 0x1c, 0x66, 0x3e,
    0x84, 0xe0, 0x7d, 0x2d, 0x7c, 0xd0, 0x5c, 0x38, 0x9f, 0xe6, 0x93, 0xc5,
    0xc4, 0xd6, 0xa4, 0x3b, 0x99, 0x88, 0x42, 0xe3, 0xc2, 0x88, 0x56, 0x5a,
    0x9e, 0x6c, 0x41, 0x68, 0x1a, 0x50, 0xfc, 0x83, 0x59, 0x7a, 0xee, 0x42,
    0xa2, 0x7e, 0xfa, 0xac, 0x56, 0x29, 0xde, 0x9b, 0x1c, 0xab, 0x96, 0x70,
    0xdf, 0xf1, 0xcb, 0x01, 0xad, 0x18, 0x3a, 0xb1, 0xec, 0xd3, 0x15, 0xd1,
    0xa6, 0xd6, 0xa0, 0xff, 0xb8, 0x68, 0x84, 0x74, 0x56, 0x52, 0x50, 0x28,
    0x92, 0x67, 0xec, 0x39, 0x05, 0x86, 0xe7, 0x0c, 0x56, 0x48, 0x47, 0xdc,
    0x7e, 0x12, 0x0f, 0x2f, 0xc8, 0x21, 0x71, 0x1e, 0x07, 0xe4, 0xac, 0x80,
    0xbd, 0x7c, 0xfd, 0x89, 0x70, 0x80, 0x35, 0xa6, 0x82, 0x3d, 0x5a, 0x4a,
    0xb8, 0x54, 0x4c, 0x9b, 0x7a, 0x26, 0x2b, 0xca, 0xae, 0x16, 0x54, 0x07,
    0x0f, 0x1f, 0xab, 0x09, 0xc7, 0xd8, 0x69, 0x9a, 0xe4, 0xab, 0x34, 0xdb,
    0x10, 0x25, 0xca, 0xd0, 0x3d, 0xf5, 0x63, 0x92, 0x36, 0xbe, 0xf1, 0x03,
    0xd2, 0x15, 0xc7, 0xb4, 0x52, 0x56, 0xf2, 0x71, 0x96, 0x2c, 0x0b, 0x9b,
    0x82, 0x9c, 0x50, 0x64, 0x87, 0xca, 0x50, 0x65, 0x70, 0x12, 0x44, 0xe9,
    0x78, 0x0d, 0xaa, 0x7a, 0xf7, 0x3c, 0x5e, 0x3d, 0x99, 0xc5, 0xf0, 0xe7,
    0xb7, 0x9b, 0x67, 0x51, 0xb3, 0x21, 0x5b, 0x35, 0x8a, 0x8b, 0x8b, 0x6a,
    0x7f, 0xa6, 0xd1, 0x94, 0x43, 0x60, 0xed, 0x4c, 0x18, 0x88, 0x8f, 0xc9,
    0x07, 0x0a, 0x69, 0x6e, 0x42, 0x8c, 0xe2, 0x15, 0xb5, 0xb4, 0x5e, 0x69,
    0x4d, 0xbf, 0xa3, 0xce, 0xb0, 0x93, 0xa0, 0xb3, 0x88, 0x2f, 0x83, 0xc7,
    0x50, 0x0e, 0xab, 0x05, 0xc0, 0xf5, 0x46, 0xcd, 0x56, 0x70, 0x37, 0x38,
    0x28, 0x2e, 0x54, 0xce, 0x62, 0x13, 0x3f, 0xf0, 0x21, 0x83, 0x65, 0x95,
    0x10, 0x9e, 0x38, 0x09, 0x26, 0xe1, 0x4c, 0x5e, 0x41, 0x65, 0x83, 0x4b,
    0xc7, 0x26, 0xbd, 0x54, 0x06, 0x23, 0xaa, 0x35, 0xc5, 0x52, 0x96, 0x82,
    0xd1, 0xe0, 0xae, 0xcc, 0x46, 0x5b, 0xb9, 0xb3, 0x4e, 0x7d, 0x94, 0xe4,
    0x1d, 0xf7, 0x56, 0x2a, 0xef, 0x26, 0x90, 0x9d, 0xd3, 0x10, 0x0e, 0x49,
    0xe5, 0x05, 0x28, 0xaf, 0xe4, 0x0d, 0xf8, 0x1c, 0x8b, 0xa7, 0x57, 0x3a,
    0x42, 0xdc, 0x49, 0x8e, 0x60, 0x03, 0xf6, 0x1b, 0xe9, 0x0c, 0x53, 0x52,
    0x40, 0xa6, 0x93, 0x09, 0x79, 0x48, 0x66, 0xab, 0x3c, 0x9b, 0xc1, 0xa5,
    0xd6, 0xc6, 0xf3, 0xf4, 0x52, 0x79, 0xc6, 0x3c, 0xd7, 0xe4, 0x31, 0x73,
    0x5d, 0xab, 0x33, 0x21, 0x1c, 0x0c, 0xd3, 0x20, 0xff, 0x78, 0x90, 0xa2,
    0x29, 0x44, 0x08, 0x56, 0x9f, 0x65, 0xfc, 0x55, 0x38, 0xfa, 0x96, 0x7f,
    0x0a, 0xe9, 0x24, 0x78, 0x98, 0x65, 0xe1, 0xa6, 0x0b, 0x6e, 0xd2, 0x66,
    0xc1, 0x76, 0x7f, 0xbf, 0x8e, 0xb3, 0x0d, 0x73, 0x14, 0xa5, 0xd9, 0xc3,
    0xd9, 0xac, 0xd9, 0x50, 0x6a, 0x13, 0x37, 0x5a, 0x2d, 0x0b, 0xdc, 0x4b,
    0xc8, 0xf8, 0xd2, 0x67, 0xc2, 0x52, 0xcb, 0x86, 0x6e, 0x5e, 0x2e, 0xee,
    0x5e, 0x36, 0x5a, 0x12, 0x7b, 0x91, 0x52, 0xe6, 0xe9, 0xa7, 0x64, 0x9d,
    0xc9, 0x9e, 0xd6, 0x0c, 0x8b, 0x40, 0xbf, 0x77, 0x3b, 0xc9, 0x66, 0xe6,
    0x36, 0x32, 0xfc, 0x9c, 0x3e, 0x28, 0x46, 0x53, 0x0b, 0x92, 0x1e, 0x03,
    0xf0, 0x42, 0xd2, 0x9b, 0x9a, 0x90, 0xd4, 0x28, 0x90, 0x0f, 0x8c, 0xda,
    0xce, 0xc2, 0x46, 0x49, 0x03, 0xf4, 0xa2, 0xa2, 0xb4, 0xc3, 0x61, 0x28,
    0xf7, 0x54, 0xcb, 0x01, 0x29, 0x8d, 0x71, 0x68, 0x80, 0x70, 0x5d, 0xa6,
    0x7c, 0x63, 0x26, 0x73, 0xbf, 0xb5, 0x78, 0xb3, 0xb8, 0x9e, 0xf4, 0x6d,
    0x98, 0x6d, 0x09, 0x98, 0x50, 0xd3, 0x05, 0x17, 0x4c, 0x45, 0x9a, 0xd3,
    0x5a, 0x4e, 0x00, 0x25, 0x01, 0xd6, 0x4d, 0x00, 0x2a, 0x10, 0xca, 0x61,
    0x15, 0x4d, 0x1d, 0x8b, 0xab, 0x25, 0xa6, 0x56, 0x58, 0x64, 0xad, 0x7d,
    0xc3, 0x39, 0xd3, 0x1f, 0x97, 0x15, 0xa6, 0x49, 0xdb, 0xb9, 0x61, 0x40,
    0x82, 0x72, 0x35, 0x28, 0xd0, 0xb2, 0xe1, 0x5a, 0xcd, 0xaa, 0xfc, 0x5b,
    0x34, 0x2d, 0x81, 0x04, 0xd7, 0x57, 0x6a, 0x40, 0x83, 0xe6, 0x38, 0x44,
    0xe5, 0x3a, 0x5a, 0x39, 0x3c, 0xa5, 0xb1, 0x63, 0x8b, 0x15, 0xf7, 0x6b,
    0x2a, 0xec, 0xb0, 0xa2, 0x6d, 0x19, 0xac, 0x6a, 0x93, 0xd5, 0xdb, 0xbb,
    0x61, 0x56, 0x9b, 0xaa, 0x68, 0x69, 0xc2, 0x39, 0x7b, 0xf6, 0xe2, 0xe5,
    0xf3, 0x27, 0x3f, 0x83, 0x33, 0xee, 0xe7, 0x87, 0x2f, 0x5f, 0x3e, 0xff,
    0xe9, 0xe7, 0xc7, 0x4f, 0x9e, 0x3f, 0xfc, 0xe9, 0xe7, 0x17, 0x67, 0x04,
    0xe6, 0x6e, 0xaf, 0xa7, 0x29, 0x23, 0x2a, 0x8b, 0x91, 0x1d, 0x1a, 0xf3,
    0x1c, 0x55, 0xd2, 0x72, 0xb1, 0x9e, 0xcd, 0xec, 0x96, 0x2f, 0xb3, 0x78,
    0x12, 0x13, 0x43, 0x3e, 0x82, 0x0d, 0x43, 0x5a, 0x35, 0xb8, 0x06, 0xd2,
    0x50, 0x9b, 0x42, 0x99, 0xb8, 0x7c, 0x75, 0x56, 0x2c, 0x30, 0x1c, 0xcc,
    0xd0, 0x96, 0x9c, 0xc4, 0xce, 0x76, 0x30, 0x1b, 0x96, 0xf0, 0x6a, 0xaa,
    0x41, 0xd0, 0x52, 0x29, 0xa3, 0x40, 0xd3, 0x41, 0xb5, 0x63, 0x31, 0x5e,
    0xa6, 0xe3, 0xe9, 0x59, 0x4c, 0x66, 0x1f, 0xe5, 0x43, 0x8a, 0xb7, 0x3c,
    0xfc, 0xb2, 0x78, 0x1c, 0x13, 0x98, 0xd1, 0xc3, 0xd5, 0x0b, 0xeb, 0x1d,
    0x78, 0xc8, 0xc2, 0xd5, 0x0a, 0x4e, 0x46, 0xfd, 0x05, 0x2b, 0xee, 0x60,
    0x77, 0x60, 0xcf, 0x7f, 0xf0, 0x80, 0x1c, 0x43, 0xb5, 0x7d, 0xa6, 0xd8,
    0x99, 0x2f, 0x8d, 0xe3, 0x54, 0xda, 0x07, 0xa8, 0x88, 0x96, 0x25, 0x61,
    0x3c, 0x0a, 0x84, 0x6a, 0x4f, 0xbf, 0x31, 0xcd, 0xe9, 0xb7, 0xf2, 0x24,
    0x6f, 0x61, 0x43, 0x83, 0xf9, 0x5a, 0x7e, 0xd4, 0x20, 0x06, 0x71, 0x03,
    0x03, 0xa7, 0x9a, 0x82, 0x3e, 0x78, 0x56, 0x63, 0x1f, 0x34, 0x61, 0xe0,
    0x55, 0x84, 0xc7, 0x9b, 0xa3, 0x10, 0x55, 0x4b, 0xac, 0x14, 0x9e, 0xda,
    0xd8, 0xa1, 0xc4, 0xc8, 0xcc, 0x64, 0xde, 0xbd, 0x82, 0x36, 0x23, 0xfb,
    0xb8, 0x35, 0xa3, 0x9a, 0x20, 0x45, 0x0f, 0x17, 0x96, 0x6a, 0x7c, 0xb2,
    0x0a, 0x86, 0x6a, 0x7b, 0x3f, 0xcc, 0x0a, 0x5a, 0x0a, 0xd2, 0xde, 0x0f,
    0xb3, 0xc2, 0xfa, 0xa0, 0x1d, 0x24, 0xd4, 0x64, 0x12, 0x34, 0xb1, 0x71,
    0xd5, 0xaf, 0x0c, 0x62, 0xef, 0xbb, 0xb0, 0x7b, 0x08, 0xa7, 0x77, 0x47,
    0xeb, 0x7c, 0x03, 0xa2, 0x8a, 0x4a, 0xa0, 0x86, 0xf5, 0x95, 0x62, 0x29,
    0xb4, 0x0a, 0xfa, 0xb3, 0x70, 0xbb, 0xc3, 0x78, 0xe3, 0x72, 0x8b, 0x6e,
    0xa0, 0xd7, 0xc9, 0x22, 0x4a, 0x2f, 0x5f, 0xe4, 0x54, 0x0a, 0x07, 0x7f,
    0x24, 0x56, 0x21, 0xf9, 0xbf, 0xbe, 0x22, 0x8f, 0x4d, 0x76, 0x15, 0x09,
    0x61, 0x86, 0xc9, 0xc7, 0x40, 0x0e, 0x51, 0xd8, 0x52, 0x12, 0x45, 0x50,
    0x46, 0x6a, 0xb0, 0x27, 0xc6, 0x29, 0x06, 0x93, 0x2d, 0xc0, 0xdf, 0x38,
    0x0c, 0x0e, 0xc9, 0x73, 0x6f, 0x33, 0xea, 0x05, 0x1c, 0x32, 0x94, 0xbd,
    0x0d, 0xc1, 0x3b, 0x07, 0x9f, 0x09, 0xd8, 0xf7, 0x37, 0xbc, 0xd2, 0x0e,
    0x15, 0x1e, 0xc3, 0x7c, 0x59, 0x4c, 0x9a, 0x9e, 0x29, 0x6c, 0x66, 0xc6,
    0x59, 0x91, 0xb3, 0xa9, 0x7e, 0xc7, 0x9c, 0x23, 0x3f, 0xc4, 0x13, 0x22,
    0x9b, 0xa6, 0xa4, 0x39, 0x46, 0x3f, 0xbd, 0xd1, 0x33, 0xa8, 0x3e, 0x75,
    0x11, 0xce, 0x28, 0xed, 0x2d, 0xb2, 0xcf, 0x62, 0xb3, 0x13, 0x11, 0xb5,
    0xb9, 0x3c, 0x02, 0x79, 0xb3, 0xc9, 0x7a, 0xc1, 0xee, 0xdc, 0x80, 0xd1,
    0x4e, 0x0f, 0x2a, 0x62, 0x2d, 0x35, 0x89, 0xa1, 0xa6, 0xf2, 0x96, 0x34,
    0x03, 0xbb, 0xe4, 0x74, 0x79, 0x12, 0x8e, 0xa7, 0xcd, 0xe6, 0x88, 0x73,
    0xe0, 0xc9, 0xa9, 0x56, 0x3a, 0x9a, 0x61, 0x9b, 0xe4, 0xc5, 0xa1, 0x37,
    0xd2, 0x39, 0x91, 0x80, 0x0a, 0x4e, 0x4e, 0x4e, 0x00, 0xa4, 0x5a, 0x52,
    0x5a, 0xd4, 0x2b, 0x06, 0x7f, 0xcf, 0x73, 0x82, 0x70, 0x97, 0x5d, 0x86,
    0x22, 0x36, 0x1c, 0x85, 0xd3, 0x68, 0x17, 0x20, 0xd5, 0xb2, 0xdc, 0xca,
    0xdf, 0xdf, 0x8f, 0x7e, 0x21, 0x24, 0xef, 0x12, 0xfa, 0x66, 0x49, 0x9c,
    0x37, 0x0b, 0x4b, 0xb3, 0x25, 0x31, 0x7e, 0xf3, 0x3e, 0xde, 0xb4, 0x03,
    0x7a, 0xe5, 0xe8, 0xad, 0x85, 0x37, 0x6c, 0xb1, 0xdb, 0xf4, 0x5d, 0x4b,
    0x7b, 0x0e, 0x67, 0xed, 0x6a, 0x9d, 0x2d, 0x54, 0x64, 0xaf, 0x94, 0xbf,
    0xd9, 0x87, 0x6a, 0x3c, 0x78, 0x93, 0x41, 0xc5, 0x84, 0x51, 0xd4, 0xaf,
    0xb0, 0x95, 0x38, 0x53, 0x6c, 0xaa, 0xe6, 0x9c, 0x89, 0x03, 0x51, 0xf3,
    0x8b, 0x70, 0x12, 0xaf, 0x4d, 0xd5, 0x50, 0x51, 0xa5, 0x13, 0x50, 0x6d,
    0x31, 0x7d, 0x1e, 0xe6, 0x2c, 0xae, 0x0c, 0xf3, 0x9b, 0xf5, 0xe9, 0x42,
    0x48, 0xef, 0x11, 0xab, 0xd6, 0x4a, 0x06, 0xe2, 0x23, 0x1f, 0xe3, 0x6d,
    0x69, 0x29, 0xac, 0xae, 0x40, 0x8a, 0xfe, 0xeb, 0x9e, 0xd4, 0x9a, 0xea,
    0x61, 0x67, 0x9a, 0x19, 0xf1, 0xe7, 0x24, 0x5f, 0x87, 0xb3, 0xa6, 0x6b,
    0x16, 0xba, 0x71, 0xf2, 0x97, 0xbf, 0x04, 0xb7, 0x0d, 0xfb, 0xb9, 0xea,
    0x0c, 0x19, 0x4f, 0x86, 0x82, 0x23, 0x0d, 0x28, 0x5d, 0x9a, 0x7f, 0x14,
    0x47, 0xd6, 0x2c, 0xb5, 0xf1, 0x7d, 0x4b, 0x1c, 0x9a, 0x8c, 0x89, 0x02,
    0x80, 0x0d, 0xb6, 0x22, 0xdc, 0x49, 0x58, 0x1d, 0x3a, 0x43, 0xd5, 0x06,
    0x9a, 0x9e, 0x1a, 0x47, 0x05, 0x88, 0xe0, 0x41, 0xd0, 0x80, 0xe4, 0xa7,
    0x46, 0x30, 0x14, 0xb2, 0xda, 0xc3, 0x27, 0xbc, 0x6a, 0xa7, 0x18, 0xe6,
    0x69, 0x9a, 0x31, 0xf2, 0x3e, 0x9a, 0x82, 0xc4, 0x41, 0xc8, 0xba, 0x1d,
    0xf5, 0x1c, 0xe4, 0x32, 0x4f, 0x86, 0xc0, 0xbb, 0xc4, 0xd6, 0x2c, 0xc2,
    0x7c, 0xb3, 0x18, 0xcb, 0xb9, 0x4c, 0xe0, 0x8b, 0x38, 0xf4, 0xcc, 0xd7,
    0xf0, 0x66, 0x2b, 0x47, 0xa8, 0xb4, 0x24, 0x7f, 0xc0, 0xda, 0x85, 0x97,
    0x61, 0xb2, 0x62, 0xad, 0x9b, 0x8d, 0xbb, 0xe1, 0x32, 0xb9, 0x9b, 0xeb,
    0x8a, 0x02, 0x9f, 0xab, 0xe8, 0xd2, 0x4d, 0xdf, 0xeb, 0xf3, 0x5c, 0x4d,
    0xe1, 0x4e, 0x2d, 0xf8, 0x36, 0x9f, 0x64, 0x59, 0x9a, 0x35, 0x1b, 0x4f,
    0xc3, 0x04, 0xce, 0xb9, 0x55, 0x1a, 0xcc, 0xd2, 0x30, 0x0a, 0x2c, 0x70,
    0x57, 0xb7, 0x74, 0x12, 0x71, 0x14, 0x8a, 0x01, 0x7e, 0xc9, 0xd3, 0x45,
    0xd3, 0xb7, 0x9b, 0x0b, 0x2e, 0x00, 0xeb, 0xa8, 0xc9, 0x05, 0x94, 0x8a,
    0x14, 0x87, 0xcb, 0xdf, 0x28, 0xb8, 0x76, 0xe7, 0xe1, 0xb2, 0x49, 0x7b,
    0x6c, 0x2c, 0x79, 0xa5, 0xba, 0x85, 0x09, 0x5d, 0x68, 0xa3, 0x2e, 0xfc,
    0x38, 0xc6, 0x1a, 0x31, 0xcb, 0xeb, 0x4f, 0x34, 0xab, 0xb0, 0xc9, 0xdb,
    0x92, 0x67, 0x2d, 0xc2, 0xcb, 0x4f, 0x93, 0x0f, 0x71, 0x64, 0x14, 0xf8,
    0x17, 0xfd, 0xe6, 0xcc, 0x1a, 0x82, 0x80, 0x52, 0x3a, 0xe1, 0x63, 0xb0,
    0x67, 0x44, 0xa0, 0x35, 0x72, 0x82, 0x2f, 0x31, 0x91, 0x82, 0x3f, 0xfc,
    0x41, 0x79, 0xd5, 0x9d, 0xc5, 0x8b, 0xf3, 0xd5, 0x34, 0x38, 0x0d, 0x7a,
    0x84, 0x9b, 0xdf, 0xfd, 0xe5, 0x9b, 0x8f, 0xf2, 0xdd, 0xd5, 0x3b, 0xe0,
    0xeb, 0xc6, 0x31, 0x22, 0x5e, 0x83, 0x77, 0xdf, 0x7c, 0x04, 0xec, 0xaf,
    0x4e, 0xc8, 0xbf, 0x04, 0xb3, 0xab, 0x6f, 0x3e, 0xb2, 0x1e, 0x9a, 0xdc,
    0x55, 0xf3, 0x2a, 0xba, 0x50, 0x63, 0xa4, 0xd9, 0x38, 0xf6, 0xed, 0x10,
    0x72, 0xdc, 0x46, 0x44, 0xc5, 0x4f, 0x16, 0x2c, 0xe0, 0xde, 0x64, 0x51,
    0x82, 0x36, 0x91, 0xb0, 0x40, 0xe9, 0x36, 0x4f, 0xe1, 0xa0, 0x8a, 0xc8,
    0x95, 0xb5, 0x5d, 0x58, 0xe3, 0x7a, 0x32, 0x86, 0x16, 0xba, 0xa6, 0x36,
    0x33, 0xff, 0x6a, 0x26, 0x51, 0xf4, 0x1e, 0xb1, 0x67, 0xcd, 0xc6, 0x20,
    0xb2, 0xd8, 0x94, 0xb7, 0x2f, 0x1b, 0xc4, 0x18, 0x85, 0xc6, 0x41, 0xe4,
    0x18, 0xf4, 0xe7, 0xb1, 0xd1, 0x86, 0xc5, 0x47, 0x64, 0x23, 0xf6, 0x5b,
    0x6b, 0x05, 0x23, 0x13, 0xb1, 0x46, 0xf4, 0x1b, 0x62, 0xfb, 0xad, 0x78,
    0x51, 0x79, 0x0a, 0xac, 0xcd, 0xbb, 0xb7, 0xec, 0xf6, 0x50, 0xe3, 0xe4,
    0x0c, 0x04, 0x3f, 0x3d, 0x87, 0x26, 0xf4, 0x3f, 0x0d, 0xbc, 0x99, 0x07,
    0xaa, 0x81, 0xec, 0x32, 0x4b, 0xc7, 0x54, 0x12, 0x9e, 0xd1, 0x85, 0x01,
    0x19, 0x1d, 0xa3, 0x7b, 0x01, 0xaa, 0x84, 0xd2, 0xad, 0xd0, 0xd4, 0xf7,
    0x02, 0x0d, 0x9d, 0x0d, 0x03, 0x78, 0xcd, 0x4a, 0xfc, 0xb6, 0x0d, 0x6e,
    0xa6, 0x25, 0x1d, 0xe9, 0x6b, 0xfa, 0xb7, 0xfe, 0x1a, 0x74, 0x13, 0xfe,
    0x16, 0xfe, 0x34, 0xe2, 0x63, 0x6c, 0x64, 0x5a, 0xec, 0x13, 0xd9, 0x85,
    0x72, 0x12, 0x1f, 0xe4, 0x0e, 0xa3, 0x8d, 0xbb, 0x1f, 0x8c, 0x3d, 0x25,
    0x9b, 0x6e, 0xb8, 0x2b, 0x10, 0x89, 0xfa, 0xb2, 0xae, 0x4c, 0x65, 0x00,
    0x45, 0x0d, 0xce, 0x3d, 0xbe, 0xff, 0xd4, 0x57, 0x8d, 0x35, 0xe1, 0xec,
    0x09, 0x61, 0xec, 0xa8, 0x81, 0x06, 0x96, 0x1f, 0x04, 0x7f, 0x0a, 0xff,
    0x84, 0xbe, 0x19, 0xea, 0x48, 0x6e, 0x10, 0x24, 0xf9, 0x96, 0xfc, 0x88,
    0xf4, 0xff, 0xd0, 0x46, 0x1e, 0x6e, 0x04, 0xcc, 0x6e, 0x92, 0x3f, 0xa5,
    0x1f, 0x73, 0x69, 0xb2, 0x19, 0xb6, 0x08, 0x1e, 0x7c, 0xae, 0x43, 0x40,
    0xc8, 0xee, 0x7c, 0x65, 0x8e, 0xae, 0xed, 0x71, 0x4a, 0x7e, 0xc2, 0x4a,
    0x44, 0xcf, 0x55, 0x57, 0xc0, 0x1c, 0x4c, 0x90, 0xbb, 0xd5, 0xd6, 0x84,
    0x85, 0x26, 0x2d, 0x04, 0x94, 0x82, 0x83, 0x8a, 0xe5, 0x56, 0x24, 0x96,
    0xcd, 0x99, 0x51, 0x16, 0x5e, 0x3e, 0x99, 0x2f, 0x57, 0x1b, 0xe1, 0x9f,
    0x11, 0xda, 0x18, 0xa6, 0xf8, 0x22, 0x1b, 0xe4, 0x60, 0x74, 0x38, 0x38,
    0xea, 0x69, 0x22, 0xaf, 0x68, 0x98, 0x52, 0x1d, 0xab, 0xd1, 0x87, 0xaf,
    0x7c, 0xe4, 0xe1, 0x22, 0xef, 0x00, 0xd3, 0x4f, 0xd0, 0xb6, 0xf0, 0x7f,
    0x0f, 0xa1, 0x4e, 0x2e, 0xb5, 0x23, 0x68, 0x8d, 0x5c, 0x67, 0xbb, 0x6f,
    0x89, 0x9e, 0x4d, 0xbf, 0x8f, 0x4b, 0x9a, 0xce, 0x93, 0x08, 0x42, 0x5e,
    0xc7, 0x0e, 0x3c, 0xe9, 0x89, 0x54, 0xa8, 0x97, 0x4c, 0xac, 0xdc, 0x0d,
    0x06, 0x62, 0xa3, 0xc2, 0xdf, 0xea, 0x49, 0xa8, 0x50, 0x07, 0xa4, 0x97,
    0xb1, 0x6b, 0x05, 0x1d, 0x81, 0x3d, 0x7b, 0xba, 0x44, 0xd3, 0xa9, 0xd8,
    0x6c, 0xfc, 0x29, 0xa5, 0x7b, 0x2e, 0x08, 0x2f, 0xc8, 0xe1, 0x0b, 0x3a,
    0x4c, 0x43, 0xe3, 0xc2, 0x52, 0x01, 0xf8, 0x81, 0xf2, 0x14, 0xc8, 0x09,
    0x13, 0x87, 0x09, 0xb1, 0x63, 0x5f, 0x68, 0x92, 0x42, 0xae, 0xb3, 0xb1,
    0x8f, 0x0b, 0xae, 0xd1, 0x65, 0x32, 0x87, 0xfd, 0x29, 0x67, 0x53, 0x48,
    0x2d, 0x62, 0xa2, 0x7d, 0x80, 0xfb, 0x7b, 0x27, 0xc1, 0x8b, 0x70, 0x35,
    0xed, 0xce, 0xc9, 0x81, 0xd6, 0xed, 0x76, 0x39, 0x06, 0xad, 0x63, 0xa3,
    0x61, 0xf8, 0xa1, 0x68, 0x18, 0x7e, 0xc0, 0x1b, 0xd2, 0x43, 0xc5, 0xdc,
    0x1e, 0x30, 0x44, 0x8b, 0xea, 0xcf, 0xf6, 0x9b, 0x90, 0xcc, 0xff, 0xd3,
    0x4c, 0x8e, 0xd2, 0x92, 0xe2, 0x4c, 0x28, 0xc8, 0x50, 0x50, 0xc7, 0xa1,
    0xf3, 0xee, 0x30, 0xcf, 0x6d, 0xef, 0x58, 0x7b, 0x41, 0xfa, 0xdc, 0xb1,
    0x5e, 0x58, 0x3c, 0xb0, 0xa9, 0xce, 0x03, 0xaa, 0x99, 0x57, 0x70, 0x43,
    0x55, 0xb1, 0xb2, 0x69, 0xb5, 0x70, 0xce, 0xd9, 0x28, 0xe2, 0xc6, 0x58,
    0x82, 0xcd, 0xe7, 0xe5, 0xa1, 0x8d, 0xcd, 0x43, 0x1b, 0x94, 0x87, 0x36,
    0x36, 0x0f, 0x6d, 0x50, 0x1e, 0xda, 0x88, 0x85, 0xdb, 0x58, 0x0b, 0xc7,
    0x4f, 0x6c, 0x56, 0x5f, 0x3b, 0x38, 0xe1, 0x83, 0xc3, 0x0c, 0x89, 0xb0,
    0xef, 0x13, 0x39, 0x4f, 0xa1, 0x87, 0xa3, 0xbc, 0xc9, 0xfa, 0xfe, 0x11,
    0xea, 0xa8, 0xab, 0x73, 0xd9, 0xf0, 0x95, 0xe7, 0x20, 0xf4, 0x57, 0x6c,
    0xed, 0xad, 0x57, 0xa6, 0x9e, 0xb5, 0x79, 0x59, 0x8c, 0xcf, 0x70, 0xed,
    0x04, 0xe8, 0x68, 0x74, 0x2e, 0xa2, 0xed, 0xa9, 0xb9, 0x08, 0x02, 0x13,
    0xd1, 0x02, 0x43, 0xc5, 0x7e, 0x67, 0x71, 0x22, 0xab, 0x2f, 0x4d, 0x50,
    0xe1, 0xea, 0x64, 0x97, 0x3f, 0x20, 0x3b, 0xee, 0x23, 0xfd, 0xce, 0x3d,
    0x7c, 0x36, 0xb8, 0xcd, 0x3e, 0x5a, 0x38, 0x0c, 0xfa, 0x47, 0x6d, 0x62,
    0x6c, 0x2c, 0x87, 0xc1, 0xfe, 0x00, 0xaa, 0x7b, 0xb3, 0x8f, 0x08, 0xec,
    0x0d, 0xd4, 0x93, 0x90, 0xeb, 0x92, 0xa0, 0xb2, 0xbe, 0xe6, 0xaa, 0x5e,
    0xb1, 0x64, 0x7d, 0x21, 0xa7, 0x3b, 0x7c, 0xdc, 0x2e, 0x8c, 0x20, 0x7f,
    0x65, 0xb6, 0xde, 0x26, 0x60, 0x7d, 0x27, 0x54, 0x42, 0x15, 0x18, 0x97,
    0xf4, 0x45, 0x7f, 0x82, 0x9a, 0xfc, 0xc1, 0xd0, 0xb3, 0x4f, 0xc5, 0x0f,
    0xc2, 0xa7, 0xf5, 0x81, 0xd1, 0x1e, 0x36, 0xb3, 0x39, 0xe4, 0x46, 0xb4,
    0x51, 0xd6, 0xc7, 0x90, 0xb4, 0xac, 0xc5, 0x7d, 0x60, 0x1d, 0x42, 0xab,
    0x8d, 0xfc, 0xe9, 0xdf, 0x2b, 0xaf, 0x89, 0xfd, 0x05, 0xeb, 0x09, 0x99,
    0xf2, 0x73, 0xb8, 0xe3, 0x02, 0x3b, 0xa7, 0xe6, 0x09, 0xb2, 0x4a, 0xff,
    0x3d, 0xf0, 0xce, 0x05, 0xd3, 0x52, 0xc8, 0x9e, 0x56, 0x89, 0x79, 0x27,
    0x68, 0xb2, 0x37, 0x7c, 0x6a, 0x90, 0xec, 0xc2, 0x90, 0x05, 0x06, 0x93,
    0xeb, 0x72, 0x6c, 0x01, 0xfd, 0x09, 0x05, 0x0a, 0x34, 0xbd, 0xa3, 0xad,
    0x41, 0x47, 0x19, 0x61, 0xc3, 0x47, 0xd8, 0xe8, 0x23, 0x7c, 0xc7, 0x15,
    0x76, 0x93, 0xf4, 0x4f, 0x79, 0x78, 0x27, 0x93, 0x86, 0x99, 0xe0, 0x3b,
    0xf5, 0x1d, 0xe8, 0x88, 0xc2, 0x0e, 0x6a, 0x90, 0x9d, 0x89, 0xb4, 0x19,
    0xea, 0x9e, 0x40, 0xa9, 0x1a, 0xb0, 0x9a, 0x85, 0x52, 0x89, 0x61, 0x9f,
    0x24, 0x40, 0xb4, 0x7c, 0x50, 0x33, 0x04, 0x87, 0xf6, 0x4d, 0x6a, 0x7c,
    0x78, 0x95, 0x8c, 0xdf, 0xe7, 0xca, 0xb6, 0xe0, 0x0f, 0x1e, 0x3c, 0x08,
    0xf6, 0xd5, 0x4a, 0xec, 0x59, 0xd0, 0x04, 0xd9, 0x94, 0x50, 0x9f, 0x27,
    0xf9, 0x87, 0x30, 0x00, 0x6b, 0x79, 0x1c, 0xdc, 0xb9, 0x93, 0x60, 0xc2,
    0x87, 0xfa, 0x8f, 0x49, 0xf3, 0x04, 0xd6, 0x85, 0x35, 0xbd, 0x85, 0x69,
    0xe3, 0xfa, 0x9a, 0xb2, 0x5e, 0xf8, 0xfa, 0xc9, 0x29, 0x8d, 0x62, 0xd2,
    0xe5, 0x25, 0xd9, 0x20, 0xcd, 0x16, 0xf6, 0x7a, 0x9e, 0x5e, 0x10, 0x4b,
    0xbe, 0xf9, 0xa1, 0xad, 0xac, 0x2d, 0xda, 0x10, 0x48, 0x63, 0x36, 0xd4,
    0x99, 0x00, 0xed, 0xc6, 0x48, 0xdf, 0x6c, 0x79, 0x44, 0x9f, 0x49, 0xd6,
    0x4d, 0x65, 0xb2, 0x6e, 0xaa, 0x93, 0x75, 0xe3, 0x20, 0xeb, 0x46, 0x92,
    0x15, 0xe3, 0x6a, 0x8d, 0xc6, 0xdf, 0x19, 0x26, 0x67, 0x5d, 0x22, 0x2b,
    0xcb, 0xd7, 0x0e, 0x36, 0x3e, 0x2a, 0xeb, 0x0b, 0x2d, 0x17, 0xd8, 0xd5,
    0x0d, 0xa3, 0x72, 0xe9, 0x2e, 0x60, 0x1f, 0x7c, 0x43, 0x76, 0x01, 0x3a,
    0x1b, 0xdf, 0x5c, 0x50, 0xd6, 0x71, 0x4f, 0xa9, 0x12, 0x0b, 0x55, 0xa6,
    0x48, 0x0d, 0x58, 0x92, 0x4c, 0x25, 0x6e, 0x00, 0xee, 0x8e, 0x46, 0xdc,
    0x00, 0xc2, 0xc6, 0x19, 0xb8, 0x6c, 0x1c, 0x97, 0xe5, 0x42, 0xf0, 0x73,
    0xb4, 0x72, 0xdb, 0x41, 0x5f, 0x8a, 0x2c, 0x61, 0x81, 0x1d, 0x96, 0xa0,
    0xa3, 0xbb, 0xbb, 0xe8, 0xb1, 0x57, 0x48, 0x60, 0x33, 0xd2, 0x20, 0xfa,
    0xc8, 0x16, 0xcd, 0x8f, 0x6c, 0x28, 0xa2, 0x3d, 0xc0, 0xe1, 0x30, 0xe4,
    0xc7, 0x10, 0xfd, 0x34, 0xdd, 0x90, 0x9e, 0x4d, 0xb0, 0xa0, 0x1f, 0x86,
    0xec, 0x20, 0xbe, 0xd2, 0x98, 0xfd, 0x2a, 0x88, 0x67, 0x79, 0x8c, 0x3b,
    0x0d, 0x21, 0x44, 0xcd, 0x8b, 0x21, 0xc0, 0x78, 0xec, 0xe4, 0x85, 0x8c,
    0x4e, 0x43, 0x19, 0x2f, 0x54, 0x1c, 0xda, 0xf6, 0x71, 0x3c, 0x4e, 0xe6,
    0x21, 0x64, 0xef, 0x19, 0x36, 0xba, 0x06, 0xef, 0x94, 0x06, 0xa3, 0x1e,
    0x90, 0x43, 0x7d, 0x68, 0xbd, 0xe8, 0xbb, 0x5e, 0xec, 0x72, 0xe5, 0x71,
    0xe0, 0x1e, 0x1d, 0x30, 0x6d, 0x0a, 0xc2, 0x8b, 0xe3, 0x18, 0xc5, 0x59,
    0xd0, 0xf1, 0xdd, 0x37, 0x1f, 0x79, 0xd7, 0xc2, 0xcf, 0xa9, 0x4f, 0xa4,
    0x75, 0x05, 0xb0, 0xdf, 0xb9, 0x62, 0x3b, 0xb0, 0x5a, 0xfc, 0x88, 0xe5,
    0x20, 0x0d, 0xb7, 0x27, 0x7d, 0xaa, 0xfa, 0x0f, 0x6c, 0x6a, 0xeb, 0xb6,
    0x36, 0xf3, 0x4d, 0x05, 0x9e, 0x53, 0x81, 0xfc, 0x3a, 0x6a, 0xe1, 0x08,
    0x21, 0x32, 0x4a, 0xdb, 0x0f, 0x54, 0xf5, 0xab, 0xb0, 0xb5, 0x2c, 0xa7,
    0x00, 0x17, 0xed, 0x72, 0x79, 0x85, 0x2e, 0x46, 0x16, 0x66, 0x5f, 0xac,
    0x98, 0x7c, 0xd4, 0xef, 0xd9, 0x8b, 0xf5, 0xc5, 0x9e, 0x37, 0x04, 0xc6,
    0x05, 0xcf, 0xbb, 0xa3, 0xea, 0xbe, 0xdc, 0xbb, 0x6c, 0x42, 0x76, 0x73,
    0xc1, 0x3d, 0xb4, 0x5b, 0xc1, 0x38, 0x05, 0x75, 0x5a, 0xe6, 0x7e, 0x2e,
    0xce, 0xe1, 0x1f, 0x89, 0xd5, 0x58, 0xca, 0x01, 0x84, 0x27, 0xe9, 0x00,
    0x57, 0xc1, 0x37, 0x1f, 0xb5, 0x9e, 0x57, 0xef, 0xda, 0x86, 0x46, 0x7f,
    0x64, 0x1e, 0x5f, 0xae, 0x1d, 0x8d, 0xf2, 0x58, 0x19, 0xac, 0xca, 0x6c,
    0x05, 0x10, 0xb6, 0xe7, 0xaa, 0x59, 0x7c, 0x1e, 0x2f, 0xa2, 0x9f, 0x34,
    0xab, 0xe3, 0xa8, 0xad, 0x5b, 0x1b, 0x83, 0x83, 0x16, 0xde, 0xed, 0x0c,
    0x3e, 0x42, 0x47, 0xad, 0xbc, 0xfe, 0xae, 0xc2, 0x6c, 0x96, 0xc1, 0x2f,
    0x22, 0xbc, 0x60, 0xdd, 0xb7, 0x83, 0x64, 0x11, 0xc5, 0x1f, 0x1c, 0x81,
    0x69, 0x5b, 0x94, 0xd3, 0xd6, 0x84, 0x1d, 0xb4, 0x11, 0x8f, 0x4b, 0x1c,
    0x7b, 0xd2, 0x93, 0xec, 0x6a, 0x49, 0x9d, 0xdf, 0x64, 0x9f, 0xf3, 0xf9,
    0xb7, 0x83, 0xfe, 0x00, 0xfe, 0xd7, 0x3a, 0x2e, 0x75, 0x19, 0xf6, 0x27,
    0x83, 0x7b, 0xbb, 0x87, 0x7e, 0x9f, 0x9d, 0xe2, 0xe8, 0x26, 0x53, 0xba,
    0x13, 0xc0, 0x07, 0x74, 0x05, 0xa5, 0xef, 0x04, 0x07, 0x46, 0xa0, 0xb9,
    0x1a, 0xe1, 0x9c, 0x1e, 0xcd, 0x12, 0x6d, 0x4d, 0xd7, 0x93, 0xfc, 0x94,
    0x51, 0x0d, 0x86, 0x81, 0x79, 0x64, 0xe6, 0x2b, 0xb2, 0x89, 0xb1, 0xc0,
    0x62, 0x91, 0x56, 0x93, 0xf2, 0xf7, 0x6f, 0xba, 0xdd, 0x6e, 0xe1, 0xc9,
    0x79, 0xdb, 0x85, 0xe7, 0xcd, 0x66, 0x48, 0xcc, 0x69, 0x3a, 0x87, 0xb0,
    0x0b, 0xf6, 0xe6, 0xc8, 0xf0, 0xbf, 0xb3, 0xce, 0x72, 0xca, 0x2e, 0x87,
    0x3e, 0xea, 0x42, 0x2b, 0x5c, 0x41, 0x96, 0x53, 0xdc, 0x83, 0x34, 0x9e,
    0x3c, 0xa0, 0x1f, 0x31, 0x2a, 0x5f, 0x12, 0x9b, 0xd4, 0x11, 0x39, 0x90,
    0xb2, 0x90, 0x98, 0x98, 0x0e, 0xc7, 0x3d, 0x0b, 0xf1, 0x32, 0x6c, 0x6c,
    0x34, 0x6d, 0xfb, 0xc5, 0x76, 0xfc, 0xcb, 0xa9, 0x40, 0x0c, 0xda, 0xc0,
    0x19, 0x13, 0x3d, 0x98, 0xb5, 0x63, 0x82, 0xbd, 0xd2, 0x5c, 0xf2, 0x15,
    0x95, 0xf1, 0xd2, 0x90, 0xde, 0x2b, 0xe3, 0x2a, 0x6d, 0x11, 0xd9, 0x43,
    0xc2, 0xab, 0x22, 0xc4, 0x14, 0x2f, 0xc3, 0x8c, 0xce, 0x8e, 0xe5, 0x23,
    0x26, 0x39, 0xfd, 0xb7, 0x08, 0xc8, 0xde, 0x52, 0x83, 0x27, 0x76, 0x2c,
    0xb6, 0x3c, 0x1e, 0x6b, 0xc5, 0x64, 0xf5, 0x70, 0x2b, 0x12, 0x67, 0x41,
    0x59, 0x0d, 0x3a, 0x23, 0x7c, 0xa6, 0xc4, 0x65, 0xd4, 0x14, 0x56, 0x17,
    0x57, 0x29, 0x69, 0x0f, 0x2c, 0x75, 0xd8, 0x1d, 0x71, 0x62, 0xf8, 0xf1,
    0x66, 0x58, 0xdc, 0xc9, 0x6e, 0x70, 0x03, 0xd1, 0x27, 0x0d, 0xa8, 0x33,
    0x50, 0x06, 0x85, 0x2d, 0xcb, 0x30, 0x87, 0x36, 0x6e, 0xb4, 0x8b, 0xb7,
    0x37, 0x86, 0x33, 0x40, 0xac, 0x17, 0x34, 0x83, 0x25, 0xc5, 0xe2, 0x66,
    0xa1, 0xa8, 0x01, 0x6a, 0xf2, 0x80, 0xba, 0x66, 0x10, 0x43, 0xd3, 0xd6,
    0xd0, 0x11, 0x49, 0x0b, 0x28, 0xb1, 0x6c, 0x58, 0x05, 0x09, 0x01, 0x90,
    0xa4, 0xe7, 0xf5, 0xe3, 0x71, 0x72, 0x1f, 0xd0, 0xbf, 0x82, 0xdb, 0x7c,
    0x09, 0xd4, 0x0e, 0xc3, 0xe0, 0xcd, 0x5b, 0xe5, 0xfc, 0x31, 0xe3, 0xf1,
    0xaa, 0x34, 0x60, 0x1b, 0x58, 0x79, 0xf2, 0x46, 0x1b, 0xd8, 0xa4, 0x2b,
    0x8f, 0xf8, 0x36, 0x78, 0x66, 0x7c, 0xa3, 0x6d, 0x49, 0x26, 0x1a, 0xf2,
    0x6d, 0xfc, 0x2e, 0x9e, 0x1c, 0x4c, 0x0e, 0xc6, 0xd6, 0x7b, 0x16, 0xf3,
    0x15, 0x52, 0xc1, 0xdc, 0xd9, 0xc4, 0xee, 0x22, 0x46, 0x95, 0x4c, 0xaa,
    0x68, 0x43, 0x8c, 0x53, 0xdf, 0x07, 0x57, 0x7a, 0xb8, 0x91, 0x50, 0xaa,
    0x5d, 0x09, 0x61, 0xa8, 0xdd, 0xea, 0xc6, 0x76, 0x77, 0x72, 0x14, 0x4f,
    0x6e, 0x10, 0x5b, 0xca, 0xfe, 0x7e, 0x54, 0xdf, 0xaa, 0x3f, 0x3e, 0x06,
    0x54, 0x19, 0x25, 0xa8, 0xfc, 0xdb, 0xbf, 0x3e, 0x6a, 0xa8, 0x0d, 0x4b,
    0x65, 0xf2, 0x23, 0x25, 0x71, 0xb3, 0xa2, 0x50, 0xe6, 0x17, 0x57, 0xb5,
    0x44, 0x50, 0x56, 0x02, 0x6b, 0x28, 0xd3, 0x25, 0x55, 0xf4, 0xf2, 0x90,
    0x26, 0x38, 0xa5, 0x6b, 0xd8, 0x35, 0x3d, 0xf5, 0xcd, 0x34, 0xcc, 0x1f,
    0x53, 0x22, 0xd1, 0x63, 0x58, 0x7d, 0x73, 0x49, 0x93, 0x48, 0xcf, 0xe0,
    0x70, 0x7b, 0x02, 0x29, 0xf5, 0x66, 0x72, 0xbb, 0x68, 0xf1, 0x64, 0x11,
    0xa1, 0xef, 0xaf, 0x8e, 0xab, 0xe6, 0x85, 0x88, 0xf9, 0x7c, 0x96, 0xfc,
    0x10, 0x6c, 0xb0, 0x6b, 0x07, 0xaf, 0xcd, 0x6c, 0x10, 0x35, 0xc3, 0xa4,
    0xad, 0xa7, 0x92, 0x54, 0xd0, 0x64, 0xad, 0xec, 0x10, 0x67, 0x7e, 0xc8,
    0xf5, 0xc6, 0xf9, 0x2d, 0x05, 0xd9, 0xd5, 0x99, 0xb2, 0x58, 0xbb, 0x36,
    0x5b, 0x4f, 0xc8, 0xfd, 0xf3, 0xeb, 0x31, 0xec, 0x62, 0x88, 0xa1, 0xc9,
    0x3c, 0xa8, 0xae, 0xca, 0xb0, 0xfe, 0x37, 0xa9, 0xcc, 0x5c, 0x86, 0xab,
    0x55, 0x5e, 0xa6, 0x10, 0xd0, 0x46, 0x6e, 0x8d, 0x40, 0xbe, 0xbe, 0x31,
    0x95, 0x80, 0x82, 0xac, 0x4a, 0x15, 0x39, 0x87, 0x9b, 0xa4, 0x0c, 0xbd,
    0x2d, 0x24, 0x6e, 0x18, 0x32, 0xc2, 0xbf, 0x4a, 0xa9, 0x3c, 0x7b, 0x91,
    0x8b, 0x85, 0x70, 0x69, 0x59, 0xe1, 0x87, 0x24, 0x7f, 0xa5, 0xae, 0xb4,
    0x44, 0x56, 0x82, 0x05, 0xf5, 0x41, 0x19, 0x64, 0xc8, 0x07, 0xa9, 0xa5,
    0x08, 0x89, 0x81, 0x30, 0xed, 0x85, 0x92, 0x65, 0xa8, 0xac, 0xf0, 0xe7,
    0x56, 0x4e, 0x58, 0x4a, 0x0b, 0x3f, 0x61, 0x6b, 0x45, 0xee, 0x59, 0x79,
    0x03, 0x76, 0x36, 0xe5, 0xc1, 0x26, 0x5e, 0x75, 0xb1, 0x68, 0x64, 0x05,
    0x81, 0xad, 0x19, 0xb8, 0x02, 0x17, 0xc4, 0xbe, 0x2d, 0x16, 0x0c, 0xcc,
    0x5c, 0xf1, 0xc3, 0xf6, 0xa1, 0xd0, 0x2b, 0x1d, 0x4f, 0xe8, 0xfc, 0x4f,
    0x38, 0xec, 0x37, 0xdc, 0x0c, 0xe6, 0xf3, 0xeb, 0x04, 0xfd, 0xb7, 0x78,
    0x37, 0xce, 0x0f, 0x0a, 0x8c, 0x07, 0xc5, 0x48, 0x25, 0xf9, 0x26, 0x12,
    0x40, 0x79, 0x6e, 0x09, 0x5c, 0x64, 0x5b, 0xac, 0x74, 0x0a, 0x6e, 0x4b,
    0x3d, 0x72, 0x74, 0xcd, 0x12, 0x89, 0x3a, 0x9f, 0x70, 0xef, 0xad, 0x44,
    0x1c, 0x82, 0x64, 0x12, 0xbb, 0x63, 0x2b, 0xad, 0xb2, 0x50, 0x14, 0x54,
    0x77, 0x95, 0x42, 0x8f, 0x0e, 0x7e, 0x3b, 0x45, 0x1b, 0xd9, 0x5a, 0x06,
    0x3e, 0xc5, 0x93, 0xc2, 0x03, 0x81, 0xb3, 0xa8, 0x44, 0xf2, 0xf4, 0x44,
    0x45, 0xc5, 0x50, 0x09, 0x18, 0xb4, 0xeb, 0xf0, 0x67, 0xb2, 0xa0, 0x55,
    0xe9, 0xe0, 0xe6, 0x49, 0x20, 0xcb, 0x29, 0xd6, 0x27, 0x3a, 0x7f, 0xd7,
    0x55, 0x74, 0x32, 0x32, 0x49, 0x0d, 0xbf, 0x63, 0xab, 0x31, 0x57, 0xd3,
    0x2c, 0x1f, 0x83, 0x78, 0x6f, 0x2a, 0x6b, 0x81, 0x46, 0x0b, 0x57, 0x7b,
    0xa1, 0xba, 0x15, 0x0c, 0xcb, 0x96, 0x17, 0x4b, 0x82, 0xe0, 0xa3, 0xc3,
    0x06, 0x63, 0xa8, 0xbe, 0xd5, 0xe9, 0x5b, 0x34, 0x52, 0x13, 0x99, 0xff,
    0xf0, 0x07, 0xd9, 0x99, 0x30, 0x94, 0xb2, 0x54, 0xda, 0x4a, 0xe9, 0x2a,
    0x55, 0x01, 0x68, 0xbd, 0xc8, 0xa7, 0xc9, 0x64, 0x45, 0xb4, 0x74, 0xd1,
    0x6f, 0xa8, 0x76, 0x6b, 0x0b, 0xd1, 0xa7, 0x0d, 0xc1, 0x4e, 0xa9, 0xab,
    0x96, 0x2b, 0xb5, 0xaa, 0x1c, 0x4f, 0xab, 0x05, 0x6c, 0x76, 0x89, 0xfa,
    0x7d, 0x85, 0x54, 0x2e, 0xcc, 0x97, 0xeb, 0x7c, 0xaa, 0xa1, 0x2d, 0xbb,
    0x20, 0x58, 0xe3, 0x03, 0x62, 0x13, 0xf1, 0xe5, 0x34, 0x18, 0x21, 0x2f,
    0xd2, 0x13, 0xbd, 0xaa, 0x63, 0x0a, 0x9d, 0x8c, 0xc5, 0x83, 0xc8, 0x61,
    0x9f, 0x39, 0xd2, 0x48, 0x0a, 0xa6, 0xd6, 0x43, 0x72, 0x57, 0xb7, 0x2a,
    0x84, 0x9b, 0x32, 0x67, 0xb4, 0x49, 0x94, 0x52, 0x29, 0x42, 0x27, 0x99,
    0x08, 0x93, 0x0c, 0xd8, 0x3d, 0x31, 0xf2, 0x1f, 0x1e, 0x41, 0x29, 0xde,
    0xec, 0x2b, 0x2f, 0xac, 0xa0, 0x97, 0xcc, 0x87, 0x37, 0x63, 0x57, 0x91,
    0x2b, 0x6a, 0x75, 0xf5, 0x69, 0x4d, 0xec, 0xd7, 0xb0, 0x82, 0x6e, 0x93,
    0x75, 0x30, 0x0e, 0x7b, 0x03, 0x97, 0xc9, 0x2a, 0x79, 0xc2, 0x63, 0xb3,
    0x16, 0x6a, 0x81, 0xb4, 0x5b, 0x05, 0xd7, 0x54, 0x37, 0x5c, 0xb5, 0x76,
    0xc2, 0x88, 0x7d, 0x6d, 0xa0, 0x25, 0x39, 0x4d, 0x7f, 0xce, 0x42, 0x02,
    0x43, 0x6f, 0xbe, 0xd6, 0xde, 0x91, 0x92, 0xaf, 0x75, 0xa4, 0xa3, 0xa2,
    0xdb, 0xc9, 0xb7, 0xfc, 0x52, 0xd4, 0x65, 0x40, 0xbb, 0x2d, 0xe7, 0x76,
    0x30, 0x8f, 0xa9, 0xd8, 0xb2, 0xaf, 0x29, 0x60, 0x57, 0x0d, 0x4f, 0x94,
    0xcb, 0x86, 0xa8, 0xe9, 0x58, 0xd5, 0x60, 0x77, 0x09, 0x1f, 0xd7, 0xa0,
    0x51, 0xb8, 0xf1, 0x0d, 0xf8, 0x38, 0xdc, 0xb0, 0xea, 0x1e, 0xe1, 0x0d,
    0x8d, 0x07, 0x77, 0x3d, 0x7d, 0x03, 0xfe, 0x40, 0x25, 0xfc, 0xe3, 0x30,
    0x99, 0x6d, 0x7e, 0x04, 0xf3, 0xcb, 0x43, 0xdc, 0xb6, 0xc1, 0x41, 0x64,
    0x2a, 0x44, 0xb8, 0x1d, 0xea, 0x6c, 0xb2, 0x4a, 0x56, 0xb4, 0x8e, 0x10,
    0x85, 0x18, 0xb0, 0xcf, 0xe9, 0x04, 0xcd, 0xe7, 0x70, 0x92, 0x1e, 0x06,
    0x64, 0x76, 0x79, 0xab, 0xd1, 0x76, 0xf8, 0xbb, 0xab, 0x4d, 0x88, 0xde,
    0x4a, 0xfd, 0xa4, 0x33, 0xda, 0xed, 0x55, 0x9e, 0x12, 0x51, 0x0e, 0x6e,
    0x62, 0x4e, 0x70, 0x81, 0xb6, 0x7c, 0x4a, 0x2f, 0x60, 0xe6, 0xf5, 0x27,
    0x45, 0x09, 0x46, 0xa6, 0xd5, 0x1f, 0xe0, 0xd3, 0xe2, 0x60, 0xf5, 0x89,
    0xf5, 0x07, 0x01, 0x7d, 0xee, 0x9d, 0xda, 0xd7, 0xf8, 0xc1, 0x6f, 0xd2,
    0xe4, 0xde, 0xc2, 0x0d, 0xcf, 0x15, 0x19, 0x8f, 0x9d, 0x4e, 0xd0, 0x52,
    0xc8, 0xf0, 0xab, 0xb8, 0xce, 0xbf, 0x48, 0x4d, 0x89, 0x66, 0xf1, 0x88,
    0x82, 0x71, 0x19, 0x4f, 0x22, 0xda, 0xa5, 0xaa, 0x4d, 0xcf, 0x4c, 0x93,
    0x50, 0xda, 0x82, 0x72, 0x04, 0x37, 0xe9, 0x77, 0xb1, 0x84, 0x19, 0x01,
    0x16, 0x44, 0x8f, 0x02, 0xf5, 0xe8, 0x60, 0xaf, 0xe7, 0xca, 0x4e, 0x8a,
    0x44, 0x53, 0xa6, 0xac, 0x15, 0xdd, 0xd1, 0xb6, 0x52, 0x53, 0x93, 0xc3,
    0x58, 0x29, 0x4b, 0xe2, 0x69, 0x7f, 0x0f, 0xcf, 0x4b, 0x92, 0x4a, 0x1a,
    0x8c, 0x8d, 0x69, 0x68, 0x91, 0x3f, 0xab, 0xc8, 0x20, 0xc6, 0x97, 0x43,
    0x87, 0x7e, 0xef, 0x73, 0xcc, 0xf8, 0x00, 0x9f, 0xf0, 0xb4, 0x60, 0x25,
    0x65, 0x06, 0xb4, 0x93, 0x0b, 0x19, 0xda, 0xa3, 0xc0, 0xa6, 0x47, 0xd0,
    0x98, 0xbe, 0xfb, 0x94, 0xda, 0xfd, 0x1c, 0xc9, 0x65, 0xeb, 0xff, 0xed,
    0xaa, 0xef, 0x5b, 0x44, 0x9c, 0xea, 0x6b, 0xee, 0xaa, 0xb6, 0xae, 0x4a,
    0x38, 0xbf, 0x52, 0x8d, 0x44, 0x8c, 0xc0, 0x21, 0xdf, 0x40, 0x83, 0x42,
    0xa6, 0x5f, 0xef, 0x54, 0x0f, 0x1e, 0x69, 0x61, 0x25, 0xa3, 0x2d, 0x12,
    0x08, 0x72, 0x29, 0xf0, 0xa5, 0xfa, 0x6d, 0xbd, 0x00, 0x18, 0x68, 0xd3,
    0x4e, 0x2c, 0x71, 0x25, 0x44, 0xaa, 0x1e, 0x62, 0xa6, 0x95, 0xc3, 0x64,
    0xa3, 0xf5, 0xf8, 0x7d, 0x0c, 0xe7, 0xe0, 0x1b, 0x6d, 0x75, 0xc6, 0xe9,
    0x45, 0x4c, 0x88, 0xf1, 0xad, 0x78, 0xab, 0x41, 0x23, 0x18, 0xba, 0xe3,
    0x6a, 0xbf, 0xdd, 0xb8, 0xd9, 0xdf, 0xdc, 0xfd, 0xea, 0xaf, 0xb7, 0x58,
    0x71, 0x69, 0xab, 0x14, 0x3e, 0xa2, 0x7b, 0xeb, 0x47, 0x11, 0xf0, 0xd2,
    0x55, 0x64, 0x60, 0x29, 0x7c, 0xbf, 0xe9, 0x0c, 0x26, 0xb6, 0x5e, 0x91,
    0x63, 0x56, 0xa9, 0x74, 0x83, 0x57, 0xcd, 0xaf, 0xa3, 0xe2, 0x97, 0xe7,
    0x9a, 0x79, 0xdc, 0xf5, 0x2a, 0x01, 0xa8, 0x72, 0xb8, 0x62, 0xfe, 0x4d,
    0xec, 0xad, 0x7d, 0xd2, 0x20, 0x24, 0xb4, 0x83, 0x43, 0x57, 0x55, 0x6d,
    0x2d, 0x5a, 0x8c, 0x2f, 0x5e, 0x8c, 0x63, 0x1e, 0xbf, 0x82, 0xfa, 0x16,
    0x39, 0x81, 0x47, 0x86, 0xf9, 0xc1, 0x78, 0x85, 0x61, 0x7f, 0xec, 0x02,
    0xf7, 0x98, 0x31, 0x7f, 0x51, 0xd8, 0xd8, 0x1c, 0x47, 0xe9, 0xa9, 0xf5,
    0xe9, 0x8a, 0xb2, 0xc8, 0x7c, 0xb7, 0xc1, 0x7f, 0xad, 0x51, 0x34, 0x59,
    0x48, 0x1d, 0xe1, 0x2a, 0x04, 0x5e, 0x41, 0xb9, 0x89, 0x75, 0x53, 0xbc,
    0xd7, 0x3a, 0x90, 0x3b, 0x58, 0xc1, 0x29, 0xdb, 0x07, 0x6e, 0x8e, 0xac,
    0xfd, 0xb6, 0x64, 0x01, 0x97, 0xf3, 0x7a, 0x5d, 0x3e, 0xf0, 0x7b, 0xc1,
    0x71, 0x41, 0x6b, 0x6b, 0x5d, 0xb5, 0x83, 0xa6, 0x38, 0xe5, 0x73, 0x28,
    0x1d, 0x0c, 0x01, 0x7a, 0x9e, 0x72, 0x01, 0x07, 0xfb, 0x17, 0xb1, 0x31,
    0x4a, 0x8d, 0xd3, 0x1b, 0x34, 0x4c, 0x71, 0xa3, 0xb4, 0x82, 0x41, 0xea,
    0xde, 0xbd, 0xe8, 0x75, 0x6c, 0x6f, 0x64, 0xb8, 0x6a, 0x26, 0x69, 0x5c,
    0xec, 0x19, 0x33, 0x0a, 0x8c, 0xc4, 0x80, 0x51, 0x04, 0x39, 0x84, 0xad,
    0x25, 0x8c, 0xc0, 0xe0, 0xbe, 0xc1, 0xce, 0x64, 0xca, 0xe2, 0xd5, 0xe9,
    0x89, 0xca, 0xf8, 0xdb, 0x4f, 0x16, 0xd4, 0xff, 0x67, 0x34, 0x81, 0x9b,
    0x07, 0xec, 0x26, 0xb3, 0x34, 0x05, 0x03, 0x9b, 0x8f, 0xd3, 0xd1, 0x51,
    0x68, 0x49, 0xf3, 0x14, 0x21, 0x84, 0x04, 0x76, 0x9f, 0xdd, 0x48, 0x95,
    0x0f, 0x4e, 0x4f, 0xc4, 0xbe, 0xe1, 0x7a, 0xd5, 0x36, 0x28, 0x73, 0x08,
    0x6f, 0x0a, 0xb0, 0x6f, 0xbb, 0x64, 0x7b, 0xc1, 0x25, 0x63, 0xb9, 0xf0,
    0xc7, 0x65, 0x3d, 0xe8, 0x46, 0x84, 0x3e, 0xfd, 0xe3, 0xaa, 0xe2, 0x94,
    0xe8, 0x7c, 0x67, 0x3c, 0xf6, 0x27, 0xa7, 0x91, 0xa7, 0x44, 0x1a, 0x35,
    0xd9, 0x2f, 0xba, 0x11, 0xd9, 0x9f, 0x1c, 0xfe, 0xa9, 0x26, 0xe0, 0xec,
    0xe0, 0x9d, 0x04, 0x69, 0xb7, 0xd2, 0x35, 0x46, 0x65, 0x48, 0xe1, 0xfd,
    0xf0, 0x0d, 0xea, 0x0c, 0x1c, 0x8e, 0x2c, 0x70, 0xd4, 0x24, 0x61, 0x3f,
    0xd4, 0x9c, 0x7f, 0xad, 0x32, 0x0c, 0x4d, 0x69, 0x1e, 0x5a, 0x62, 0x55,
    0xe4, 0xfc, 0x73, 0x5e, 0x68, 0x6b, 0xa2, 0x2a, 0xb2, 0xdb, 0x37, 0x59,
    0x87, 0x3b, 0x41, 0xbf, 0x85, 0xf7, 0x0a, 0x59, 0x8d, 0xce, 0xd7, 0xcc,
    0x93, 0x64, 0xce, 0x8a, 0x08, 0x10, 0xfe, 0x08, 0xd6, 0xfb, 0xae, 0xfe,
    0xde, 0x50, 0xa9, 0xb9, 0xa0, 0x55, 0x9b, 0x28, 0x2a, 0xb5, 0x29, 0x7c,
    0x6f, 0xcb, 0x85, 0xa8, 0x19, 0x05, 0x86, 0x0b, 0x3b, 0xab, 0x69, 0x92,
    0xc3, 0x5c, 0x21, 0x65, 0x61, 0xcb, 0x98, 0x3b, 0x9f, 0xb8, 0x63, 0x5d,
    0x8c, 0xe2, 0x0b, 0xdb, 0xd3, 0xc5, 0x3a, 0x36, 0xe7, 0xe1, 0x07, 0x59,
    0x46, 0x55, 0xad, 0x67, 0x20, 0x10, 0xb2, 0x7a, 0xf0, 0xda, 0x07, 0x4a,
    0x47, 0x86, 0x41, 0xd1, 0x59, 0x79, 0x43, 0x4e, 0xda, 0x6e, 0xbf, 0xad,
    0xb6, 0xbd, 0x13, 0xec, 0xb7, 0xc0, 0xd4, 0xef, 0x1d, 0xbb, 0xae, 0xe3,
    0xee, 0x1f, 0xbb, 0xca, 0x02, 0x54, 0x0d, 0x2a, 0xed, 0x1f, 0xfc, 0xa6,
    0x8a, 0x00, 0x98, 0xb7, 0xdd, 0x6f, 0x99, 0xe1, 0x34, 0xf4, 0xc6, 0x56,
    0x51, 0xa4, 0x82, 0x0c, 0x5b, 0xa0, 0x40, 0x08, 0xc3, 0x2e, 0x69, 0xdd,
    0xa5, 0xcb, 0xd4, 0xf2, 0x5e, 0x82, 0xbf, 0x91, 0x2b, 0xea, 0x5f, 0xef,
    0x47, 0x7f, 0xbd, 0x1f, 0xfd, 0x89, 0xee, 0x47, 0x83, 0x5b, 0x67, 0x96,
    0x16, 0x9b, 0x56, 0xd9, 0xc1, 0x77, 0x0d, 0x25, 0xc2, 0xdc, 0xa0, 0xa3,
    0x30, 0xb3, 0xb6, 0xfa, 0x41, 0x5b, 0x81, 0x06, 0xd5, 0x4d, 0xec, 0xbb,
    0x72, 0xa4, 0xdb, 0xa3, 0xa2, 0x32, 0x28, 0x77, 0xe7, 0xd9, 0x49, 0x5d,
    0xa3, 0x78, 0x06, 0x96, 0x88, 0x53, 0xf1, 0xd7, 0x51, 0xa3, 0x46, 0xc0,
    0xcf, 0xca, 0xb9, 0xaa, 0x70, 0x49, 0x61, 0x3f, 0x95, 0x1c, 0xab, 0x2d,
    0xdc, 0x7f, 0x87, 0xb9, 0x18, 0xc4, 0x14, 0x24, 0xda, 0x85, 0xd2, 0x20,
    0xeb, 0xcd, 0x9a, 0x27, 0xbd, 0xbd, 0x43, 0xc3, 0xe2, 0x48, 0x10, 0xc7,
    0xc0, 0x1b, 0xda, 0xfc, 0xad, 0xbd, 0x51, 0xc9, 0x88, 0x85, 0x28, 0x54,
    0xf7, 0xe8, 0x1f, 0x83, 0x66, 0x21, 0xa2, 0x38, 0x90, 0x36, 0x13, 0x4a,
    0x42, 0x38, 0x1d, 0xd7, 0xb8, 0x54, 0x28, 0x97, 0x8e, 0x28, 0x11, 0xf2,
    0x47, 0xa7, 0x58, 0x6a, 0x80, 0x3a, 0xa8, 0x2d, 0x46, 0x0a, 0xe4, 0xcb,
    0x6e, 0x1f, 0x6e, 0xda, 0xc5, 0x48, 0x6d, 0xd9, 0xcb, 0x75, 0x3d, 0xf0,
    0x93, 0x5e, 0xee, 0xbf, 0xfe, 0x35, 0xe5, 0x4f, 0x25, 0xb3, 0xe5, 0xfd,
    0xe0, 0xf0, 0x03, 0x8d, 0x06, 0x90, 0x2e, 0xf8, 0x92, 0xc0, 0xed, 0x3b,
    0x76, 0xde, 0x55, 0xbd, 0x36, 0xcc, 0x60, 0xab, 0xf7, 0xa8, 0x8b, 0x27,
    0x32, 0xd2, 0xd2, 0xf2, 0x7a, 0xb6, 0xe4, 0x8d, 0xe1, 0xd7, 0x65, 0x57,
    0x84, 0xcb, 0xae, 0xf2, 0x5a, 0x3e, 0xb7, 0x6a, 0xd5, 0x17, 0xa4, 0xf0,
    0x90, 0xdb, 0x11, 0x4a, 0xbd, 0xfa, 0x37, 0xa3, 0x20, 0x08, 0xb4, 0x24,
    0xf4, 0x78, 0x9e, 0x8e, 0xc3, 0x59, 0xcc, 0x3e, 0x75, 0x00, 0x17, 0xe8,
    0x9b, 0x6f, 0xde, 0xb6, 0x89, 0x6a, 0x04, 0xa6, 0xcd, 0x30, 0x68, 0x0c,
    0x3a, 0x51, 0x72, 0x9e, 0xac, 0x1a, 0xf6, 0x1d, 0xc1, 0xca, 0xfb, 0x4b,
    0xfe, 0x5d, 0x7f, 0x4b, 0xdd, 0x09, 0x8e, 0xcc, 0x78, 0x25, 0x1b, 0xe2,
    0xf7, 0xc1, 0x00, 0x4b, 0xb2, 0xf4, 0x5e, 0xed, 0x77, 0x5e, 0xb4, 0xc6,
    0xf6, 0xda, 0x4d, 0x5d, 0xb5, 0xae, 0x20, 0x52, 0x2d, 0x01, 0xa1, 0x9d,
    0xa1, 0xde, 0xeb, 0xd9, 0xc8, 0xf5, 0xe5, 0x8a, 0x97, 0x97, 0x2d, 0x3a,
    0x29, 0xa4, 0x69, 0x08, 0xed, 0x9a, 0xda, 0x4d, 0xf4, 0x83, 0x77, 0xe0,
    0x66, 0xd3, 0x82, 0x1e, 0xfa, 0xba, 0xf7, 0x0f, 0xd4, 0x77, 0x1e, 0x94,
    0x5d, 0x87, 0x4f, 0xbd, 0x8c, 0xac, 0x5a, 0xd9, 0x36, 0xae, 0x62, 0xb2,
    0x85, 0x9f, 0x8f, 0x3a, 0x65, 0xbc, 0x1e, 0x3d, 0x2d, 0x8c, 0xcb, 0xbd,
    0x4b, 0xa2, 0x48, 0x00, 0x3c, 0x6d, 0xa9, 0x36, 0x0b, 0x73, 0x75, 0x60,
    0xad, 0xc0, 0x52, 0x39, 0x3c, 0xae, 0x17, 0x6a, 0x22, 0x53, 0xec, 0xd0,
    0x0f, 0x27, 0xde, 0x78, 0xc8, 0x89, 0x1d, 0xdc, 0x1c, 0x06, 0xe0, 0x77,
    0xdd, 0xa8, 0x13, 0x8d, 0x0a, 0xbf, 0x9e, 0x1a, 0x4f, 0xaf, 0x7b, 0xcd,
    0xcb, 0x1d, 0x1b, 0xfb, 0x02, 0x02, 0x59, 0xe0, 0x8d, 0xa2, 0x6c, 0x61,
    0x27, 0x6b, 0x54, 0x36, 0xd5, 0xf5, 0xeb, 0x00, 0x8e, 0xc5, 0xe4, 0xb5,
    0x9c, 0x95, 0xd5, 0x64, 0x1c, 0xc7, 0x1f, 0xbe, 0x31, 0x5e, 0x42, 0x86,
    0x6f, 0x51, 0x47, 0xcc, 0x8e, 0xaa, 0xe8, 0x49, 0xd9, 0x6c, 0xe8, 0x07,
    0x96, 0x5f, 0x52, 0x79, 0xdb, 0x5d, 0xb5, 0x2c, 0x70, 0x9e, 0xa0, 0x05,
    0x73, 0xea, 0xe9, 0xf4, 0xd0, 0x47, 0x76, 0xc6, 0x0d, 0x3c, 0x15, 0xb6,
    0xc2, 0xc5, 0x78, 0x9a, 0x66, 0x66, 0xb0, 0xc0, 0x87, 0x41, 0xf0, 0x40,
    0x1b, 0x76, 0x48, 0x7b, 0x74, 0x17, 0xe9, 0x65, 0x53, 0x75, 0xd8, 0x48,
    0xb8, 0x95, 0x02, 0x0a, 0x05, 0xbb, 0x82, 0x3a, 0x2b, 0xbb, 0x16, 0x91,
    0x04, 0x22, 0x0e, 0xa9, 0x50, 0xf1, 0x5f, 0x63, 0x90, 0x50, 0x3a, 0x8c,
    0x83, 0xfe, 0x68, 0xf6, 0xba, 0xb1, 0xd4, 0xfb, 0xe2, 0x41, 0xdd, 0x98,
    0x03, 0xc5, 0xcb, 0x34, 0x38, 0x10, 0x8d, 0x22, 0xd7, 0xe6, 0xc4, 0x66,
    0x28, 0x75, 0x01, 0x63, 0x5a, 0x32, 0x51, 0x80, 0xf5, 0x6b, 0x33, 0xd7,
    0x5e, 0xce, 0x7b, 0xd1, 0xd6, 0x6d, 0x55, 0x96, 0x08, 0xd7, 0x18, 0x8d,
    0x72, 0x38, 0x34, 0x64, 0xfa, 0x51, 0x8d, 0x2c, 0xbe, 0x48, 0xd2, 0x75,
    0xfe, 0x7a, 0x2a, 0x85, 0x34, 0x9c, 0x00, 0x0f, 0xd8, 0x87, 0x8b, 0x18,
    0x01, 0x69, 0xba, 0xe1, 0xeb, 0x69, 0x59, 0x69, 0x56, 0x09, 0xcb, 0xe0,
    0x62, 0x6d, 0x10, 0x7d, 0x3f, 0x5c, 0xdd, 0xfa, 0xd4, 0xf1, 0x97, 0xcb,
    0xe2, 0x22, 0x99, 0x7e, 0xf1, 0xef, 0x72, 0x8a, 0x06, 0x61, 0x62, 0xbe,
    0xfe, 0xe6, 0xbe, 0x76, 0x5c, 0x17, 0xc4, 0x2f, 0xc5, 0x4d, 0xb7, 0x8f,
    0x7b, 0xb8, 0x83, 0x18, 0x08, 0x38, 0x8d, 0xb0, 0x7c, 0xd4, 0x6d, 0x8b,
    0x76, 0x30, 0x86, 0x61, 0x87, 0x94, 0x33, 0x0a, 0x41, 0xf6, 0x9d, 0x76,
    0x47, 0xe4, 0x2e, 0x63, 0x3d, 0x84, 0x28, 0x36, 0xb8, 0xd3, 0x13, 0x76,
    0xa9, 0xc3, 0x7e, 0x73, 0xbf, 0x34, 0x1e, 0x21, 0x62, 0x07, 0x56, 0xdf,
    0xb7, 0x5d, 0xe1, 0x03, 0xb6, 0xf3, 0x39, 0x9b, 0x15, 0x7a, 0x91, 0xa3,
    0xa8, 0x07, 0xc2, 0xa7, 0x5f, 0x7b, 0x4d, 0x9c, 0xdc, 0x7e, 0xd3, 0x0b,
    0x13, 0xc5, 0x33, 0x1a, 0xa6, 0x10, 0x8c, 0xdc, 0x51, 0xa0, 0xeb, 0xbd,
    0xcb, 0x47, 0x45, 0x67, 0x42, 0x07, 0xa0, 0x41, 0x3c, 0x36, 0x14, 0x96,
    0x43, 0x59, 0x95, 0x75, 0xb1, 0xc5, 0xa5, 0xe1, 0x27, 0x94, 0x1f, 0x6e,
    0x2e, 0x0c, 0x85, 0x2c, 0x31, 0x97, 0x86, 0x10, 0x5e, 0xa2, 0xf3, 0xaa,
    0x1c, 0x62, 0xba, 0x10, 0xb5, 0x98, 0x1d, 0x41, 0x80, 0xc0, 0x3a, 0x3e,
    0xb9, 0xaf, 0x9f, 0x8f, 0xd8, 0x52, 0x1d, 0xf1, 0x44, 0x14, 0x9b, 0x6f,
    0x89, 0x4c, 0x6e, 0xb5, 0x2a, 0x04, 0x85, 0xae, 0x17, 0x8d, 0x12, 0x48,
    0xe9, 0x9c, 0xee, 0x0d, 0x4b, 0x09, 0x8a, 0x71, 0xbb, 0x3f, 0xef, 0x92,
    0xb1, 0xd6, 0xe3, 0xb8, 0xd9, 0x24, 0x0d, 0xb8, 0x53, 0x9b, 0x82, 0xa6,
    0x81, 0x3e, 0xf6, 0xbb, 0x5d, 0x12, 0x5b, 0x73, 0x60, 0x7e, 0x0a, 0x5f,
    0x84, 0x32, 0xf2, 0x04, 0xa9, 0x51, 0x22, 0xb3, 0xcd, 0x98, 0xae, 0x28,
    0xa8, 0x97, 0xeb, 0xb9, 0xf2, 0x3c, 0x23, 0x5e, 0x18, 0x0a, 0xf4, 0xa7,
    0x16, 0xf8, 0x82, 0x68, 0x11, 0xff, 0xf2, 0x18, 0xb1, 0x08, 0xdc, 0x01,
    0x23, 0x62, 0xa6, 0x25, 0x69, 0x44, 0x63, 0x46, 0x86, 0xf6, 0x7c, 0x26,
    0x0e, 0x50, 0xf7, 0x14, 0xda, 0xb7, 0x8c, 0x04, 0xc5, 0x22, 0xdd, 0x6f,
    0x18, 0xe8, 0x2e, 0x3e, 0x9e, 0x73, 0xe0, 0x3c, 0xa4, 0x22, 0x43, 0x3f,
    0x13, 0x6b, 0x67, 0xdc, 0x99, 0x2c, 0xb6, 0xb0, 0x41, 0x68, 0xd7, 0xce,
    0xd1, 0xdd, 0x15, 0x00, 0x99, 0xbb, 0x2b, 0x8a, 0xfc, 0x00, 0xf0, 0x5a,
    0xf0, 0xaf, 0x87, 0x35, 0x72, 0xa2, 0x95, 0x11, 0x32, 0xb0, 0xcf, 0x92,
    0xb9, 0x9c, 0x18, 0xd8, 0xa6, 0x17, 0x31, 0xb0, 0xfe, 0x1e, 0x5a, 0xab,
    0x09, 0x3e, 0xa1, 0xc5, 0xbf, 0xee, 0x65, 0x84, 0x6a, 0xe8, 0xdf, 0xe3,
    0x38, 0x99, 0x71, 0x10, 0x77, 0x89, 0x09, 0xd9, 0xb2, 0xf2, 0xe0, 0x55,
    0x07, 0x46, 0x01, 0xe8, 0xf6, 0x09, 0x3f, 0x4e, 0xd8, 0x1b, 0xf8, 0xc9,
    0x60, 0x74, 0x20, 0xae, 0xf9, 0xd1, 0x95, 0x4a, 0x6f, 0x7e, 0xb0, 0xc5,
    0x9c, 0xce, 0xd5, 0xad, 0xcf, 0x42, 0xc5, 0xab, 0x36, 0xae, 0x92, 0x6d,
    0x63, 0xd1, 0x57, 0xbe, 0x6c, 0xe2, 0xb7, 0xe9, 0xd9, 0xe5, 0x13, 0xdb,
    0x54, 0x67, 0xcf, 0xcb, 0x8d, 0x75, 0xde, 0x8e, 0x06, 0x16, 0x07, 0xb5,
    0xec, 0xf5, 0x39, 0x9b, 0xc0, 0xe7, 0xb0, 0xd8, 0x19, 0x92, 0x5f, 0x6d,
    0xf6, 0xad, 0x6c, 0x76, 0xce, 0x21, 0x5f, 0xad, 0xf6, 0xdf, 0xae, 0xd5,
    0xce, 0x6d, 0x9c, 0x45, 0x44, 0x85, 0x86, 0x0a, 0x5b, 0x37, 0xca, 0x9f,
    0x92, 0xe9, 0xff, 0x14, 0x87, 0x59, 0xb3, 0xd5, 0x36, 0xcc, 0x75, 0xda,
    0x91, 0xda, 0xeb, 0x44, 0x7e, 0xf7, 0x2d, 0xd0, 0xf4, 0xc4, 0xb2, 0x80,
    0x8b, 0x01, 0x4d, 0xd0, 0xea, 0x73, 0x01, 0xb8, 0x23, 0x36, 0xa9, 0x06,
    0xdd, 0x63, 0xd7, 0xcb, 0x21, 0xb1, 0xc4, 0x44, 0xa7, 0x81, 0xaf, 0x8e,
    0x2d, 0x3a, 0xd5, 0xb3, 0xf4, 0xf9, 0x7e, 0xa8, 0x6a, 0xeb, 0x9b, 0xab,
    0xa9, 0xe3, 0xad, 0x92, 0x45, 0x7f, 0x23, 0x29, 0xce, 0x55, 0x89, 0x3e,
    0x12, 0x55, 0x20, 0xb3, 0xb9, 0x21, 0xf8, 0xf6, 0xca, 0x9a, 0xce, 0x87,
    0xa1, 0x9c, 0x8f, 0x24, 0x1e, 0xf7, 0x48, 0x70, 0x3c, 0xd4, 0xe7, 0x5f,
    0xbd, 0x12, 0x5f, 0xbd, 0x12, 0x5b, 0x1b, 0xbf, 0x23, 0xcd, 0x1f, 0x21,
    0xcd, 0x9d, 0x45, 0x44, 0x9f, 0x35, 0x6f, 0xa1, 0x26, 0x3f, 0xbb, 0x8d,
    0x48, 0x69, 0x56, 0x58, 0x99, 0x4c, 0x99, 0xa6, 0xa7, 0x0b, 0x7d, 0x21,
    0x9c, 0x0e, 0x5d, 0xc2, 0xb2, 0xfa, 0xed, 0x1e, 0x84, 0x98, 0x1a, 0x1a,
    0x44, 0xd5, 0xec, 0xf4, 0x3f, 0xd5, 0xb4, 0x85, 0x41, 0x3b, 0x42, 0x7d,
    0x1c, 0xd2, 0xa7, 0x31, 0xaa, 0xe1, 0xcd, 0xf8, 0xea, 0xbf, 0xd8, 0x9e,
    0xf4, 0x5f, 0xbd, 0x08, 0x5f, 0xbd, 0x08, 0x5f, 0x8a, 0x17, 0xe1, 0x26,
    0xdc, 0x07, 0xac, 0xc3, 0x84, 0x0e, 0xf1, 0xbd, 0x30, 0x08, 0x4d, 0x83,
    0xbb, 0x90, 0x73, 0x3d, 0x16, 0xab, 0xd3, 0x55, 0x3f, 0xfa, 0x02, 0xb9,
    0x57, 0x60, 0xdb, 0xc0, 0xec, 0x73, 0xe3, 0x8d, 0xc5, 0x7a, 0x4e, 0x08,
    0x34, 0x6e, 0x20, 0xd7, 0xf2, 0x87, 0x56, 0x2f, 0xf3, 0xea, 0x79, 0x75,
    0x1b, 0x5c, 0x9b, 0xd4, 0x27, 0x30, 0xb7, 0xcb, 0x58, 0xcb, 0x6f, 0x5f,
    0x33, 0x73, 0x8b, 0x7e, 0x5b, 0x9a, 0x5f, 0xa6, 0xa3, 0x0f, 0x8e, 0xbf,
    0x5e, 0xd7, 0xfb, 0xff, 0xf3, 0xba, 0x1e, 0x3d, 0xca, 0x74, 0xcd, 0x92,
    0x73, 0x12, 0x3d, 0xca, 0x8c, 0x0c, 0xc6, 0xf2, 0xda, 0x68, 0x42, 0x8a,
    0xa9, 0x42, 0x0b, 0x00, 0x5d, 0xfb, 0xfb, 0x94, 0x9f, 0xf9, 0x20, 0x2b,
    0xae, 0x79, 0xd0, 0xed, 0x26, 0x4f, 0x11, 0x76, 0xc7, 0x43, 0x1e, 0x1f,
    0x3c, 0xf5, 0x0c, 0x89, 0x35, 0x6b, 0x57, 0x44, 0xbe, 0x4d, 0x53, 0xb2,
    0x0b, 0x16, 0x05, 0x79, 0x94, 0x3b, 0x06, 0xf6, 0xed, 0x03, 0x36, 0x24,
    0x51, 0x11, 0xab, 0x5e, 0x45, 0xf8, 0x64, 0x44, 0x27, 0xb4, 0x12, 0x06,
    0x82, 0x7a, 0x21, 0xe0, 0xc2, 0xfc, 0xbe, 0xa1, 0x79, 0x1d, 0xe0, 0xcf,
    0x82, 0x2a, 0x84, 0xe8, 0xc5, 0x4f, 0x7a, 0x03, 0x00, 0x4d, 0xf8, 0xb7,
    0xd2, 0xfa, 0x0f, 0x07, 0xfe, 0xb4, 0xfe, 0x83, 0xbd, 0x2f, 0x3b, 0xad,
    0xff, 0xd7, 0x4c, 0x5d, 0x5e, 0xe7, 0xf1, 0xbf, 0x4b, 0x66, 0x29, 0xdc,
    0x7f, 0x12, 0x65, 0x44, 0xe8, 0xc2, 0xd0, 0xf4, 0x48, 0x3b, 0x33, 0x2a,
    0x87, 0x93, 0x0c, 0x6c, 0x3a, 0xb3, 0x1b, 0x24, 0x52, 0xde, 0xa5, 0x5d,
    0xf4, 0x7a, 0x0c, 0x7c, 0x14, 0xb2, 0xc5, 0x9e, 0xf3, 0x6c, 0x44, 0xa4,
    0x6b, 0xe3, 0xfd, 0xeb, 0x69, 0x03, 0xbe, 0x4c, 0x4e, 0xfe, 0xf1, 0x5d,
    0xef, 0xf8, 0x7a, 0xff, 0xe1, 0xeb, 0xfd, 0x87, 0xaf, 0xf7, 0x1f, 0x82,
    0x2d, 0xbe, 0x0f, 0x37, 0xd8, 0x3f, 0xd8, 0x8d, 0x47, 0x8d, 0x6b, 0x66,
    0xf7, 0x8b, 0x3c, 0x6d, 0x26, 0xd1, 0xaf, 0x95, 0xd9, 0xcf, 0x4d, 0xa8,
    0xaf, 0x79, 0xfd, 0x5f, 0xf3, 0xfa, 0x2b, 0xe5, 0xf5, 0xff, 0x59, 0x65,
    0x3d, 0x58, 0x7f, 0x38, 0x88, 0xdc, 0x77, 0x00, 0x94, 0x3e, 0x22, 0xd1,
    0x5f, 0x3e, 0x52, 0xaa, 0x15, 0x05, 0x43, 0xec, 0x79, 0xbf, 0xea, 0x7d,
    0x80, 0x6f, 0x3e, 0x16, 0x27, 0xdb, 0x55, 0xbd, 0xab, 0x01, 0x02, 0x57,
    0xcf, 0xc7, 0x64, 0xcd, 0xf7, 0xda, 0x07, 0x65, 0xb5, 0x62, 0x77, 0x78,
    0x0f, 0xad, 0x94, 0x19, 0xab, 0x27, 0xd0, 0xc0, 0xaf, 0x25, 0x3d, 0x2b,
    0x8b, 0x74, 0x1b, 0x8a, 0xbd, 0x19, 0xf2, 0xbe, 0xc9, 0xab, 0x0e, 0x5b,
    0x09, 0x26, 0x6d, 0xd9, 0xe5, 0xb7, 0x1b, 0x8d, 0x74, 0x06, 0x23, 0x73,
    0xc7, 0xbc, 0x6f, 0x70, 0x9b, 0xf6, 0xc6, 0x0b, 0xb1, 0xf9, 0x0a, 0x6b,
    0x19, 0xc4, 0x39, 0x85, 0xea, 0x86, 0x45, 0x8c, 0xff, 0xf7, 0x06, 0x85,
    0x91, 0x14, 0x00, 0xa3, 0x3f, 0x92, 0x0b, 0xe0, 0xc7, 0xe1, 0x57, 0xba,
    0xa2, 0x51, 0xf1, 0xfe, 0x85, 0x26, 0x07, 0xd5, 0xaf, 0xf5, 0x51, 0xcf,
    0x55, 0x0b, 0x35, 0xa6, 0x7d, 0x57, 0x32, 0xb6, 0xb6, 0x7a, 0x3d, 0x87,
    0xe1, 0x4d, 0xdf, 0xcc, 0xb8, 0xce, 0x87, 0xe5, 0x74, 0xc7, 0x9e, 0x7d,
    0xfb, 0xc2, 0x7f, 0xe7, 0x02, 0x09, 0xcf, 0xda, 0x9e, 0xa1, 0x3c, 0x5e,
    0x3d, 0x24, 0x7f, 0x5d, 0xc4, 0xb2, 0x50, 0xa8, 0xa8, 0x49, 0x28, 0x57,
    0x63, 0x59, 0xbc, 0xfb, 0x76, 0x4d, 0xec, 0x94, 0x85, 0xb6, 0x23, 0xe1,
    0x01, 0x5a, 0xeb, 0x90, 0xbd, 0xa2, 0x5f, 0x85, 0x23, 0xa3, 0x74, 0x97,
    0x7a, 0x25, 0x52, 0x6b, 0x10, 0xb6, 0xe1, 0x69, 0x97, 0xf1, 0x2c, 0xcc,
    0xf3, 0xe7, 0x49, 0xbe, 0xea, 0x86, 0x51, 0xd4, 0x6c, 0x84, 0x14, 0xc1,
    0x46, 0xf9, 0xd7, 0x17, 0xad, 0xee, 0x59, 0x0c, 0x1a, 0x9d, 0x03, 0x42,
    0xa5, 0x2f, 0x9c, 0x31, 0x9f, 0x9c, 0x88, 0xd5, 0x09, 0xfb, 0xc2, 0xf4,
    0x8d, 0x71, 0x07, 0xa1, 0x8c, 0x86, 0x99, 0xe7, 0x17, 0xea, 0xf7, 0xe7,
    0xbd, 0x5a, 0x68, 0x32, 0x42, 0xa3, 0xd3, 0xf0, 0x84, 0xd7, 0x47, 0x79,
    0x3a, 0x5b, 0xaf, 0x0a, 0xeb, 0x9a, 0xfc, 0x2e, 0xa0, 0xe9, 0x83, 0x16,
    0x2d, 0xb9, 0x11, 0x87, 0x1d, 0xdf, 0xef, 0x89, 0x09, 0x46, 0x43, 0x88,
    0x6c, 0x12, 0x77, 0x0d, 0x6b, 0x0f, 0x29, 0xbc, 0x57, 0x0c, 0x0a, 0x5d,
    0x5b, 0xee, 0x4a, 0x85, 0xb2, 0xfe, 0x1e, 0x34, 0xc4, 0x8a, 0xef, 0x11,
    0x6b, 0xef, 0x9d, 0xab, 0x86, 0xad, 0x81, 0x3b, 0x4a, 0x26, 0x02, 0x9a,
    0xe3, 0xad, 0xd5, 0x1d, 0x74, 0x40, 0x75, 0x77, 0xea, 0xeb, 0x9d, 0x5c,
    0x8c, 0x70, 0x06, 0x2e, 0x5e, 0xea, 0xa2, 0x86, 0x38, 0x66, 0xbe, 0x0a,
    0xe7, 0xcb, 0x17, 0x79, 0x05, 0x7e, 0x50, 0x5b, 0x5f, 0x8b, 0x2b, 0x3c,
    0x4c, 0xe1, 0xfd, 0xe8, 0x88, 0xcd, 0x1d, 0xb8, 0xe7, 0xbd, 0xc6, 0x27,
    0x47, 0x5c, 0x20, 0xe7, 0x3c, 0x7b, 0x62, 0x8b, 0xac, 0x33, 0x2d, 0x22,
    0x55, 0xdc, 0xbf, 0x22, 0xb0, 0x78, 0x57, 0xe1, 0xc9, 0xa7, 0xa8, 0xb6,
    0x5a, 0xdd, 0x65, 0x18, 0xd1, 0x58, 0x7a, 0x93, 0x48, 0xdd, 0x46, 0xaf,
    0x61, 0x7b, 0xd2, 0xb8, 0x1b, 0xc3, 0xe8, 0xce, 0x6e, 0x7b, 0x54, 0xe8,
    0x2f, 0xcb, 0x53, 0x1a, 0x10, 0xf8, 0xc7, 0x92, 0xfd, 0x30, 0x94, 0xea,
    0x93, 0x30, 0x4b, 0x50, 0x11, 0xc9, 0x6c, 0xe0, 0x1f, 0x8a, 0xd7, 0xd5,
    0xb0, 0x28, 0x4b, 0x79, 0xe5, 0x61, 0xbc, 0x28, 0xce, 0xc7, 0x59, 0x32,
    0x8a, 0x1f, 0xaf, 0xa9, 0xce, 0xbc, 0x68, 0xce, 0xab, 0x30, 0xdc, 0xbc,
    0x32, 0x9f, 0x81, 0xbb, 0x4f, 0x74, 0x77, 0xa6, 0x46, 0x35, 0x8a, 0x4f,
    0x53, 0x78, 0x18, 0x90, 0x5f, 0x95, 0x93, 0x72, 0xc4, 0x2e, 0x8f, 0x0a,
    0x98, 0x44, 0xa2, 0xb8, 0x29, 0x26, 0x8b, 0x14, 0x21, 0x13, 0xa9, 0x45,
    0x50, 0xad, 0xd2, 0x9e, 0xba, 0x55, 0x81, 0x97, 0x41, 0xc5, 0x45, 0x11,
    0xed, 0x73, 0x05, 0x5d, 0xbe, 0xf9, 0xa8, 0x89, 0x6b, 0x7a, 0x2e, 0xf5,
    0xc1, 0x07, 0x45, 0x1d, 0x50, 0x79, 0xe3, 0xea, 0x9d, 0x7b, 0xb2, 0x82,
    0xb5, 0xe4, 0x6c, 0xad, 0x52, 0xbb, 0xa2, 0x8c, 0x51, 0xa5, 0xd9, 0xca,
    0x86, 0x15, 0xa6, 0xab, 0x17, 0x5a, 0xad, 0x36, 0x5f, 0xe8, 0x73, 0x9d,
    0x09, 0xcb, 0xbd, 0x20, 0xa7, 0x6c, 0x94, 0x68, 0xad, 0x5b, 0xa0, 0x55,
    0x9f, 0x94, 0xb3, 0x44, 0x2b, 0xb6, 0xa3, 0xf8, 0xa4, 0x58, 0x9f, 0xea,
    0xd3, 0xb2, 0xb7, 0x97, 0xc8, 0x6e, 0xe3, 0xf5, 0xf7, 0x59, 0xd5, 0x3a,
    0x48, 0x6e, 0x33, 0x4a, 0xfb, 0x5b, 0xfb, 0x87, 0xd7, 0xf4, 0x67, 0x77,
    0xa8, 0x41, 0x2c, 0xac, 0x79, 0x57, 0x5c, 0x72, 0x9b, 0x09, 0x3a, 0xdb,
    0xc0, 0x86, 0x7c, 0x59, 0xa2, 0xc7, 0x44, 0x0f, 0x57, 0xae, 0x51, 0x9c,
    0x48, 0x79, 0x8e, 0x8d, 0x59, 0xb8, 0xcc, 0x69, 0x29, 0x75, 0x99, 0x71,
    0x27, 0xbf, 0xad, 0xe3, 0x43, 0xa1, 0x44, 0xc0, 0x70, 0xc0, 0x54, 0xc0,
    0x88, 0x41, 0xee, 0x3b, 0xe4, 0x4b, 0x2d, 0xbc, 0xcb, 0xfa, 0x10, 0xe5,
    0x98, 0x8f, 0xe7, 0x5e, 0x76, 0xfc, 0xa3, 0x5c, 0x95, 0xce, 0xf2, 0xa2,
    0xe9, 0x75, 0x0e, 0x72, 0x1f, 0x3b, 0x94, 0x72, 0xc3, 0x78, 0x96, 0x8e,
    0xdf, 0x7f, 0x3f, 0x99, 0x10, 0xb5, 0xda, 0xcd, 0x6e, 0x0c, 0xeb, 0x3b,
    0x81, 0xbf, 0xf7, 0xd6, 0x38, 0x50, 0x55, 0xe0, 0x2c, 0x26, 0x34, 0x8a,
    0x4c, 0x14, 0x84, 0xe7, 0x2f, 0x8f, 0x45, 0xae, 0xa2, 0xb7, 0xb7, 0x75,
    0xf1, 0x5a, 0xfd, 0x56, 0x13, 0xe3, 0x35, 0xe4, 0x5b, 0x68, 0x16, 0xc8,
    0x4c, 0xdd, 0x1c, 0xb7, 0xf4, 0xc8, 0xbe, 0xb7, 0xf1, 0x2d, 0x3d, 0x9e,
    0x6f, 0x16, 0xe4, 0xd7, 0x76, 0xc9, 0x59, 0xb2, 0x18, 0xc7, 0xfc, 0xc3,
    0x4a, 0x1c, 0x35, 0x51, 0x2e, 0x9e, 0x0c, 0xa3, 0x6d, 0x20, 0xa5, 0xc9,
    0x30, 0x40, 0x66, 0x27, 0x04, 0x4f, 0xc4, 0x25, 0x8f, 0xa0, 0x95, 0xa4,
    0xdb, 0x1d, 0x7b, 0x19, 0x54, 0x34, 0xa8, 0x42, 0xa6, 0xa2, 0x35, 0x0c,
    0x7a, 0x2d, 0xcf, 0x38, 0x45, 0x31, 0x50, 0xa7, 0xc8, 0x33, 0xbd, 0x20,
    0xd6, 0xe8, 0x3a, 0xa8, 0x16, 0x5e, 0x37, 0x5c, 0xe4, 0x4b, 0x09, 0x16,
    0xec, 0x98, 0x28, 0xa0, 0xf9, 0x11, 0x38, 0x39, 0xee, 0x20, 0x49, 0x4b,
    0x4e, 0x66, 0xf7, 0xc8, 0x0a, 0xa3, 0x85, 0xfb, 0x18, 0x70, 0x94, 0x34,
    0x15, 0x34, 0xe2, 0x99, 0x96, 0xb6, 0x94, 0x60, 0xcd, 0xfe, 0x64, 0xca,
    0x0a, 0xbd, 0x37, 0x16, 0xe9, 0x7d, 0x4e, 0x5b, 0x20, 0x0c, 0xae, 0x41,
    0x34, 0x64, 0xcd, 0xb5, 0x24, 0x04, 0x55, 0x4b, 0xc4, 0xc0, 0x8e, 0x6f,
    0x0d, 0xe8, 0xd3, 0xa9, 0x2e, 0x44, 0x30, 0x6f, 0xd4, 0x67, 0x64, 0x40,
    0x93, 0x97, 0xf8, 0x88, 0xdb, 0xe1, 0xff, 0x55, 0x20, 0x7e, 0x2e, 0x81,
    0xc8, 0x97, 0xed, 0xa6, 0x24, 0x9f, 0xbe, 0x70, 0x0e, 0x56, 0xc7, 0x18,
    0xdd, 0xa3, 0x24, 0xe9, 0x1c, 0xf5, 0x34, 0x9c, 0xcd, 0x46, 0xe1, 0xf8,
    0x7d, 0x35, 0x5e, 0xae, 0xc0, 0xc9, 0x02, 0x20, 0x7e, 0x98, 0x3b, 0x1a,
    0x7b, 0xe4, 0x9d, 0x24, 0xbc, 0x47, 0xe4, 0x01, 0xa9, 0x5f, 0xa5, 0x05,
    0xc6, 0xa2, 0xd2, 0x6c, 0xb9, 0x06, 0x14, 0x5b, 0x15, 0x9a, 0xbf, 0x5c,
    0x05, 0xa8, 0xb3, 0x85, 0x02, 0x64, 0xac, 0x79, 0x9d, 0x8b, 0x30, 0xd7,
    0x10, 0x79, 0x5e, 0x36, 0xe1, 0x97, 0x64, 0xfe, 0xf0, 0x87, 0xa0, 0x9e,
    0x4c, 0x2c, 0x3d, 0x92, 0x79, 0x5d, 0xea, 0x0a, 0x32, 0xd4, 0x38, 0x89,
    0xeb, 0x9f, 0xb1, 0xeb, 0x25, 0xb8, 0x4f, 0xa4, 0xa3, 0xf9, 0x21, 0xcb,
    0x2d, 0x4a, 0x66, 0xc9, 0x6a, 0x43, 0xaf, 0x47, 0xd8, 0xac, 0x57, 0xa4,
    0x1f, 0x89, 0x2f, 0x5a, 0x6a, 0x97, 0x29, 0xf4, 0xb7, 0xd4, 0xd0, 0xe8,
    0xe9, 0x77, 0xa8, 0x26, 0x7c, 0xab, 0x70, 0xbf, 0xb3, 0xc1, 0x75, 0xf5,
    0xfd, 0xda, 0x22, 0xde, 0xc9, 0xa0, 0x39, 0x3d, 0xdc, 0xd8, 0xfd, 0x16,
    0xc0, 0x93, 0x56, 0x0f, 0xd1, 0xa7, 0x04, 0xa6, 0xb1, 0xfc, 0xfc, 0x8f,
    0xf6, 0xb5, 0xb8, 0xe3, 0x5b, 0x96, 0x6b, 0x3b, 0x4a, 0x72, 0x01, 0xe7,
    0x36, 0x07, 0x69, 0x9e, 0x99, 0x62, 0x24, 0xc2, 0x2a, 0xc6, 0xec, 0x4f,
    0x6c, 0xe5, 0x85, 0xae, 0x8f, 0x41, 0xa3, 0xcc, 0x9c, 0x01, 0xe6, 0x29,
    0x2f, 0x92, 0x80, 0xf8, 0x77, 0xc6, 0x18, 0x01, 0x49, 0x6f, 0x84, 0xa6,
    0xc9, 0x22, 0x52, 0xef, 0x39, 0xa8, 0xb4, 0xf5, 0xc7, 0x08, 0xec, 0x8f,
    0x98, 0xa1, 0x45, 0x68, 0xd5, 0xef, 0x9d, 0x71, 0x3c, 0xa0, 0x4c, 0x83,
    0xf6, 0x44, 0x52, 0xce, 0xa2, 0x8b, 0xf5, 0xe0, 0x36, 0x3a, 0xb4, 0x4e,
    0x36, 0xec, 0xfb, 0x6a, 0x3a, 0x98, 0x63, 0xad, 0xb5, 0x1d, 0x65, 0x41,
    0x46, 0x40, 0xb6, 0xa1, 0xfe, 0x61, 0x56, 0x6b, 0xcf, 0xd1, 0x8b, 0x96,
    0xee, 0x1d, 0x17, 0x2e, 0x97, 0x33, 0xf6, 0x15, 0x94, 0xef, 0x92, 0x7c,
    0x95, 0x66, 0x9b, 0x1f, 0xe2, 0x7c, 0x49, 0xd6, 0x04, 0xaa, 0x45, 0x62,
    0xdb, 0x8d, 0x5f, 0x02, 0xb2, 0xee, 0x36, 0x42, 0xeb, 0x07, 0x5d, 0xe5,
    0xca, 0x2a, 0x3c, 0x10, 0xbf, 0xf1, 0x8f, 0x63, 0xd1, 0x68, 0xe1, 0x59,
    0x71, 0x6d, 0xd6, 0xfa, 0xa8, 0xa2, 0x9a, 0x93, 0x98, 0x8e, 0x89, 0xe8,
    0x58, 0xac, 0xc0, 0xb1, 0xfa, 0x64, 0x16, 0xc3, 0x9f, 0xdf, 0x6e, 0x9e,
    0x45, 0xcd, 0xc6, 0xb2, 0x68, 0xde, 0x68, 0xb5, 0xed, 0xbb, 0x4a, 0xfa,
    0xc7, 0x4f, 0x56, 0xa1, 0xb3, 0xc2, 0x25, 0x57, 0xbe, 0x68, 0xf6, 0x95,
    0x72, 0x23, 0x8b, 0xcd, 0xca, 0x7b, 0x23, 0xab, 0xb8, 0x9c, 0xe6, 0xe8,
    0x07, 0xf7, 0xf1, 0xec, 0x5e, 0x20, 0x79, 0x8a, 0x5b, 0x04, 0x0a, 0x92,
    0x56, 0x9e, 0x69, 0x81, 0x14, 0x2e, 0xd9, 0x61, 0x58, 0x76, 0x41, 0x18,
    0xc6, 0xef, 0xa8, 0x93, 0xa0, 0x9f, 0x3d, 0xf3, 0x9f, 0x1d, 0x45, 0x82,
    0x2a, 0x01, 0x2d, 0xb0, 0xb1, 0xfc, 0x2f, 0xf2, 0xb2, 0x43, 0xcf, 0x7d,
    0x12, 0xb2, 0x7b, 0x15, 0x44, 0xd9, 0x5a, 0x86, 0x8b, 0x17, 0xb9, 0x49,
    0x08, 0xfd, 0xad, 0x45, 0x3c, 0xf1, 0xda, 0x90, 0xe0, 0x7a, 0x5f, 0x29,
    0xc0, 0xf5, 0xdb, 0xb1, 0x66, 0xbe, 0xb1, 0x73, 0x8e, 0xa4, 0xa7, 0x3e,
    0xd0, 0xfd, 0x60, 0x60, 0x5c, 0x97, 0x03, 0x66, 0xe2, 0x0c, 0xf9, 0x0a,
    0xba, 0xd1, 0xa0, 0x31, 0xbd, 0x3a, 0xcc, 0x32, 0x6c, 0x3a, 0x9a, 0xc0,
    0x55, 0x9b, 0xf3, 0xca, 0x78, 0xbe, 0x0e, 0x48, 0x3c, 0xb2, 0x6c, 0x40,
    0x23, 0xb4, 0x28, 0xa6, 0x82, 0x04, 0xde, 0x98, 0x5f, 0xdd, 0x58, 0x05,
    0x96, 0x23, 0x6b, 0x3c, 0xbc, 0x1b, 0x34, 0x91, 0x9a, 0x76, 0x2d, 0x53,
    0xe1, 0x96, 0x6e, 0xf8, 0xa0, 0xd7, 0xed, 0xed, 0x9b, 0x27, 0x42, 0xf9,
    0xdc, 0xdf, 0x7d, 0xf3, 0x11, 0x47, 0x9f, 0x55, 0xd4, 0x81, 0xc8, 0x1e,
    0xfd, 0xe3, 0x5d, 0x69, 0xcc, 0xf6, 0x1a, 0x63, 0xe1, 0x83, 0xb8, 0x2e,
    0x41, 0xde, 0x96, 0x87, 0xcb, 0x0b, 0x91, 0xc0, 0xff, 0xb1, 0x5a, 0x4a,
    0x33, 0x74, 0x37, 0xd8, 0x58, 0xdc, 0x2d, 0x31, 0x2e, 0x73, 0x17, 0xcf,
    0x9b, 0x9a, 0xfc, 0x13, 0x9f, 0x82, 0x3e, 0x33, 0x6f, 0x06, 0x9d, 0x9c,
    0x30, 0x11, 0xde, 0x42, 0x78, 0x55, 0x45, 0x55, 0x27, 0x89, 0x46, 0xc0,
    0xb2, 0x6f, 0xce, 0xde, 0x32, 0xaf, 0xb9, 0xb8, 0xbf, 0xf4, 0x7e, 0xcb,
    0xbc, 0xdb, 0x22, 0xaf, 0x0c, 0x4d, 0xd9, 0xf9, 0x21, 0xb5, 0x17, 0xb8,
    0x2c, 0xd4, 0x6d, 0x1c, 0x57, 0x27, 0x60, 0xf5, 0xcf, 0xd4, 0x82, 0xf8,
    0x14, 0x1f, 0x71, 0x77, 0x7c, 0x04, 0xa8, 0xf6, 0x7d, 0xd5, 0x0b, 0xf4,
    0xb6, 0x6a, 0xa5, 0x7b, 0xa7, 0x17, 0xd7, 0xba, 0x75, 0x6a, 0x4e, 0x44,
    0xf9, 0xf8, 0x09, 0xc3, 0xe9, 0xbe, 0x31, 0x57, 0x7b, 0x20, 0x8b, 0x16,
    0x17, 0xf6, 0xc5, 0x42, 0xd7, 0xe7, 0x7c, 0xf4, 0xea, 0x58, 0x22, 0xef,
    0xda, 0x66, 0x66, 0x1a, 0x2e, 0x61, 0x8d, 0x58, 0xd0, 0x84, 0xf1, 0x44,
    0xc3, 0x86, 0x44, 0x78, 0xf7, 0x87, 0x38, 0x9c, 0x01, 0x2a, 0x8f, 0xc0,
    0x90, 0x32, 0xd8, 0xb1, 0xa6, 0xed, 0x46, 0xe8, 0xa0, 0x75, 0xaf, 0xe9,
    0x67, 0x21, 0x3b, 0xcb, 0x20, 0x56, 0x8d, 0x30, 0x8d, 0xa5, 0x39, 0xeb,
    0x74, 0xbe, 0xed, 0xd0, 0x97, 0x2b, 0x44, 0xdb, 0x8d, 0x15, 0x45, 0xbe,
    0x6e, 0x62, 0x12, 0x11, 0x3b, 0xfe, 0x65, 0xe8, 0xdd, 0x55, 0x96, 0x66,
    0xc2, 0xd3, 0xdb, 0xac, 0xbb, 0xf3, 0x4a, 0xdf, 0xb2, 0x10, 0xbc, 0x75,
    0xa5, 0xcd, 0xb8, 0x04, 0x67, 0xbd, 0xd7, 0x0b, 0xc3, 0xd8, 0xef, 0x8d,
    0x4b, 0x73, 0x6d, 0xeb, 0x43, 0xac, 0xe6, 0x45, 0xdc, 0x12, 0x69, 0x17,
    0xbc, 0x3b, 0x9b, 0xa6, 0x97, 0x04, 0x6d, 0x1a, 0xc2, 0x9c, 0x6d, 0xe4,
    0x67, 0x2e, 0x20, 0x57, 0x55, 0x1c, 0x0e, 0x9c, 0x08, 0x57, 0x41, 0x93,
    0x3c, 0x51, 0xd9, 0x1b, 0xe2, 0xed, 0x0a, 0xf7, 0x5f, 0xb5, 0xba, 0xef,
    0xea, 0xde, 0x04, 0xbe, 0xba, 0xe5, 0x5f, 0x3d, 0x9c, 0x43, 0x84, 0x35,
    0x50, 0xea, 0x3e, 0x28, 0xe5, 0x16, 0x93, 0x33, 0x34, 0xc8, 0xf5, 0x99,
    0x43, 0xef, 0xfe, 0x95, 0x3f, 0x6e, 0x94, 0x3f, 0xb6, 0x47, 0x36, 0x4b,
    0xe7, 0xc1, 0x6a, 0x1a, 0x73, 0x97, 0x24, 0xd4, 0x26, 0x66, 0x39, 0x01,
    0x35, 0x11, 0xde, 0xf2, 0x18, 0xc6, 0x3f, 0x51, 0x8f, 0x15, 0x31, 0xe5,
    0x47, 0xa8, 0xa6, 0xd0, 0x98, 0x65, 0x4d, 0x90, 0x13, 0x48, 0xad, 0xa0,
    0xea, 0x06, 0x51, 0x7c, 0x85, 0x0a, 0x51, 0x83, 0x79, 0x02, 0xcc, 0x8b,
    0xbc, 0xe4, 0xc8, 0xd1, 0x2a, 0x3c, 0x22, 0x82, 0xb5, 0x18, 0x89, 0xbe,
    0x95, 0x78, 0x9d, 0x6a, 0xc5, 0x4c, 0x2d, 0xbd, 0x49, 0x2d, 0xde, 0xea,
    0x6e, 0x37, 0x14, 0xfe, 0x46, 0x4a, 0xe0, 0xd7, 0xb4, 0xdd, 0x8b, 0xdc,
    0x3d, 0x9b, 0x57, 0xac, 0x98, 0x91, 0x95, 0xe5, 0x23, 0x67, 0xdb, 0x3a,
    0xde, 0x86, 0xbd, 0xbe, 0xf9, 0xa8, 0x51, 0x57, 0xa9, 0x44, 0x75, 0xc5,
    0x95, 0x81, 0x6f, 0x0c, 0xa1, 0xe5, 0x68, 0x6e, 0x65, 0x53, 0x68, 0x1a,
    0xbd, 0xc2, 0xb5, 0x64, 0x52, 0xdf, 0x7c, 0x54, 0xa7, 0x75, 0x75, 0x23,
    0x8c, 0x79, 0x19, 0xc7, 0xef, 0x1b, 0xb4, 0x02, 0xa3, 0xa3, 0x01, 0x95,
    0x47, 0x28, 0xdf, 0xaa, 0x9f, 0x6c, 0xf6, 0x83, 0x7f, 0x10, 0x1c, 0x92,
    0xc9, 0xed, 0x22, 0x31, 0x17, 0x7e, 0xdf, 0x5d, 0x5c, 0x5f, 0xe1, 0x04,
    0x7a, 0x60, 0xde, 0x83, 0x7f, 0xf0, 0x00, 0x8b, 0xf1, 0xea, 0x1b, 0x47,
    0x07, 0x60, 0x6e, 0x19, 0xff, 0x8e, 0xc1, 0xfa, 0x8a, 0xbd, 0x72, 0x8c,
    0x4f, 0x9c, 0x99, 0x4b, 0x9c, 0xbf, 0x2c, 0xb5, 0x48, 0x83, 0x27, 0x0c,
    0x2a, 0x23, 0x4a, 0x64, 0x98, 0x5d, 0x1a, 0x87, 0xa0, 0x5d, 0xec, 0x60,
    0x11, 0xe8, 0xf2, 0x51, 0xbc, 0x22, 0x46, 0x03, 0x58, 0xcc, 0x8d, 0xb2,
    0x00, 0x5f, 0xf5, 0xad, 0x8b, 0x9f, 0xb9, 0xb4, 0x62, 0x80, 0xd0, 0x72,
    0x8b, 0x03, 0x4f, 0x85, 0x5a, 0xf3, 0xb8, 0xf3, 0x1f, 0x76, 0xbe, 0xa3,
    0xee, 0x0a, 0x2f, 0x84, 0xb3, 0x88, 0x1c, 0xe8, 0x31, 0xc1, 0xd2, 0xff,
    0xf5, 0x10, 0x2c, 0x96, 0x89, 0x18, 0xdc, 0x92, 0x8e, 0x57, 0xc1, 0x5f,
    0xff, 0xf1, 0x9f, 0xc9, 0xc6, 0x16, 0x88, 0x5f, 0x39, 0xbf, 0xe8, 0x0d,
    0x4b, 0xcd, 0x6f, 0x92, 0xab, 0x82, 0x88, 0x56, 0xb3, 0x27, 0xf3, 0x06,
    0x26, 0x62, 0x8c, 0x29, 0x0a, 0x4f, 0x14, 0x42, 0xa3, 0xd8, 0xa7, 0x34,
    0x2b, 0x2f, 0x7f, 0x67, 0xb9, 0x2a, 0x28, 0x66, 0xe6, 0x8a, 0x8b, 0xb1,
    0xee, 0x90, 0xc1, 0xe0, 0x90, 0x64, 0xad, 0xae, 0x5a, 0x4e, 0x04, 0x95,
    0x0e, 0x0d, 0xdd, 0x74, 0xd5, 0x40, 0x11, 0xc9, 0xc9, 0xf6, 0xf6, 0x55,
    0x90, 0x4e, 0x2c, 0xec, 0x94, 0xdf, 0x76, 0x9e, 0x59, 0x90, 0x2c, 0xc6,
    0xb3, 0x75, 0x14, 0x17, 0x26, 0xb5, 0x35, 0x15, 0x63, 0x67, 0x7a, 0xe7,
    0x44, 0x9d, 0x46, 0x43, 0x81, 0x81, 0xec, 0x64, 0xc8, 0xd5, 0x3a, 0xda,
    0x07, 0x87, 0x7f, 0x03, 0x62, 0x19, 0xb4, 0x38, 0x54, 0xe8, 0x7e, 0x15,
    0x98, 0x5f, 0x05, 0xa6, 0x53, 0x1e, 0x79, 0x75, 0xff, 0x2f, 0x42, 0x62,
    0xd6, 0xc2, 0xf0, 0x66, 0x45, 0x66, 0x43, 0x88, 0x4c, 0x5e, 0x50, 0xd4,
    0x27, 0x34, 0xfb, 0x03, 0x5e, 0xbe, 0xaf, 0xf1, 0x25, 0x09, 0xcb, 0x02,
    0xab, 0xbf, 0x31, 0x41, 0xa8, 0x48, 0x36, 0xd2, 0x49, 0x09, 0x81, 0x28,
    0x36, 0xb9, 0x1e, 0x05, 0xb1, 0x5d, 0xf3, 0x43, 0xad, 0xd8, 0x93, 0xb2,
    0xfb, 0xb8, 0xc0, 0x31, 0x2f, 0x98, 0x88, 0x72, 0xa1, 0xbd, 0xb7, 0xdd,
    0x15, 0x16, 0x91, 0x2a, 0xe9, 0x86, 0x54, 0x19, 0xd5, 0xe0, 0x50, 0xd9,
    0x5e, 0x0c, 0x4f, 0x6b, 0x96, 0x46, 0xf6, 0x42, 0xd4, 0x30, 0x37, 0x0c,
    0x1b, 0xb5, 0xa8, 0x31, 0x05, 0x06, 0x02, 0xdf, 0x1d, 0x74, 0xcd, 0x08,
    0x3b, 0xb3, 0xbd, 0x61, 0xad, 0xa0, 0x2b, 0x86, 0x72, 0xad, 0xf1, 0x73,
    0x42, 0xfd, 0x05, 0x6b, 0x61, 0xd9, 0x58, 0x86, 0xb4, 0x11, 0xab, 0xab,
    0xee, 0xf9, 0x96, 0x8e, 0xa1, 0x19, 0x69, 0x0d, 0xf3, 0xcd, 0x62, 0xac,
    0xd6, 0x59, 0x9a, 0x64, 0x71, 0x3e, 0x55, 0x23, 0xae, 0x4d, 0xb2, 0x40,
    0x63, 0x1e, 0x1c, 0xce, 0x63, 0x33, 0xab, 0xdc, 0x8e, 0x96, 0xbb, 0xeb,
    0xe5, 0xd8, 0xfc, 0x69, 0x41, 0x2a, 0xa2, 0xbc, 0x7f, 0xbf, 0xb6, 0x12,
    0x9e, 0xa8, 0x6f, 0x9b, 0x22, 0xe3, 0xc8, 0x9a, 0x43, 0x20, 0xb8, 0x76,
    0x17, 0x14, 0xa1, 0xd5, 0x61, 0x84, 0x97, 0x61, 0xb2, 0x2a, 0x05, 0x11,
    0x8c, 0xc3, 0xd5, 0x78, 0x1a, 0x34, 0xe3, 0x2c, 0xc3, 0x8e, 0xa3, 0x74,
    0x16, 0x77, 0xc9, 0xab, 0x34, 0xa3, 0x0d, 0x4a, 0xa3, 0x3a, 0x3c, 0x3b,
    0x29, 0xbd, 0xd4, 0x72, 0xd7, 0x8d, 0xa4, 0x24, 0x46, 0x7e, 0xc2, 0xdf,
    0xd0, 0xae, 0x43, 0x85, 0xa7, 0x1e, 0x10, 0xa7, 0x2b, 0x16, 0xdc, 0x37,
    0x70, 0xa7, 0x4f, 0xc5, 0x4d, 0xdd, 0x17, 0x79, 0xd5, 0x95, 0x70, 0x81,
    0x3f, 0x81, 0xe1, 0xad, 0xed, 0x9f, 0x31, 0x12, 0xbd, 0x24, 0x5b, 0x24,
    0xc9, 0x69, 0x69, 0x29, 0xc6, 0x4f, 0x4d, 0x47, 0xde, 0x89, 0x30, 0xae,
    0xb5, 0x34, 0x0b, 0xc1, 0xcd, 0xf9, 0x1b, 0x5b, 0x55, 0x7b, 0x0b, 0x76,
    0x33, 0xd2, 0xb4, 0x0b, 0x56, 0xaf, 0xad, 0x05, 0x2d, 0xc3, 0x2c, 0x9c,
    0xe7, 0xfc, 0xa0, 0xfd, 0xf1, 0x87, 0xe7, 0x67, 0xe4, 0x2c, 0x1c, 0x4f,
    0x5f, 0xd2, 0xa7, 0xcd, 0x9b, 0x4b, 0x2d, 0x2e, 0xea, 0x89, 0xbd, 0x08,
    0x97, 0x4f, 0xd4, 0x24, 0xb4, 0xdf, 0x72, 0x28, 0xc1, 0xd8, 0x69, 0xd5,
    0xa3, 0x5d, 0x5c, 0xe5, 0xe3, 0x5f, 0xef, 0x74, 0xc6, 0xbb, 0x8a, 0x66,
    0x44, 0xeb, 0xf1, 0x34, 0xa2, 0xe5, 0xec, 0x6d, 0xca, 0xba, 0x7c, 0xc4,
    0x99, 0xe6, 0x8b, 0xf6, 0x3a, 0xa9, 0x8d, 0x34, 0x33, 0xac, 0xc8, 0xbd,
    0x49, 0x30, 0x1d, 0x7a, 0x0b, 0x2b, 0x6b, 0x5f, 0x44, 0xb8, 0x85, 0xce,
    0x5f, 0xe8, 0x78, 0x46, 0xe7, 0x63, 0xcc, 0xcf, 0x4c, 0x3b, 0x95, 0x7c,
    0xbf, 0x09, 0x1f, 0x49, 0xcc, 0xb7, 0x00, 0x82, 0x94, 0x5e, 0xb6, 0x7a,
    0x2a, 0xd5, 0x97, 0xcd, 0xaf, 0xad, 0x22, 0x51, 0x77, 0x38, 0x73, 0xdd,
    0x58, 0xcb, 0x2d, 0x63, 0xa4, 0x61, 0x6a, 0x90, 0xf1, 0x69, 0xab, 0x2c,
    0x80, 0x74, 0x47, 0x7d, 0xa8, 0x76, 0x74, 0xb2, 0x42, 0x85, 0x5c, 0x1d,
    0xd9, 0x2d, 0xd2, 0x0f, 0xd1, 0x19, 0xab, 0x95, 0x96, 0x4c, 0x11, 0xd2,
    0xc1, 0x28, 0x59, 0xfa, 0x01, 0x87, 0x12, 0xbc, 0x91, 0xfa, 0xb0, 0x54,
    0xa6, 0x01, 0xe7, 0x34, 0x1b, 0x54, 0x35, 0x69, 0xb4, 0xc5, 0x15, 0x4f,
    0x15, 0x3b, 0xe5, 0x6b, 0x01, 0x26, 0xc8, 0x56, 0x29, 0x52, 0x25, 0xd2,
    0x44, 0x5d, 0xc7, 0x0a, 0xc2, 0xc7, 0x5e, 0x8a, 0x5b, 0x1e, 0xbe, 0x38,
    0x3d, 0x31, 0xc8, 0xae, 0x17, 0x08, 0xf6, 0xd2, 0x83, 0xa8, 0x66, 0x06,
    0x35, 0x0a, 0x0a, 0x48, 0x84, 0x7d, 0xd3, 0xe7, 0x7a, 0x5c, 0x95, 0x04,
    0x7e, 0x8c, 0xa3, 0xc4, 0x29, 0xe7, 0xb3, 0x58, 0x1f, 0x85, 0x8b, 0x28,
    0xe1, 0x77, 0x97, 0xfd, 0xec, 0x54, 0x40, 0x33, 0x4a, 0xf5, 0x96, 0x30,
    0x00, 0x9b, 0xb2, 0x3e, 0x96, 0x31, 0x69, 0xfb, 0xa6, 0xc3, 0x3a, 0x03,
    0x5b, 0x90, 0x83, 0x5e, 0xa5, 0x1c, 0x5e, 0x4b, 0xff, 0x0c, 0xc0, 0xbb,
    0xbb, 0xe1, 0x32, 0xb9, 0x4b, 0x0f, 0xe5, 0xce, 0x2c, 0x3d, 0x7f, 0xf0,
    0xcd, 0x47, 0xd6, 0xe1, 0xea, 0x1d, 0x38, 0x91, 0xf4, 0x97, 0x96, 0x71,
    0x57, 0x92, 0xc3, 0x52, 0xae, 0x30, 0x37, 0x9e, 0xa7, 0x61, 0x04, 0xea,
    0xb0, 0x96, 0xd6, 0xf1, 0xd7, 0x7f, 0xfc, 0x97, 0x86, 0x7f, 0x6a, 0x19,
    0x4f, 0x1c, 0x84, 0x04, 0x56, 0xaa, 0xea, 0x4d, 0x62, 0xa2, 0xc9, 0x35,
    0xc9, 0x8c, 0xed, 0xda, 0x29, 0xa2, 0x6d, 0x37, 0xb5, 0x22, 0xa3, 0xab,
    0x69, 0x46, 0xd4, 0x30, 0x90, 0xf1, 0x4f, 0xa8, 0x9e, 0xd7, 0x78, 0x4a,
    0xac, 0xd0, 0x38, 0x02, 0x9b, 0x60, 0x46, 0x10, 0xd3, 0xb1, 0x6a, 0x94,
    0x90, 0x3b, 0x62, 0xc5, 0x75, 0x19, 0x3e, 0xc5, 0xa0, 0xbf, 0xe4, 0x44,
    0xb3, 0xc7, 0x32, 0x20, 0x2e, 0x13, 0x82, 0x31, 0x75, 0x4c, 0x79, 0x13,
    0x91, 0x69, 0x66, 0xa4, 0x39, 0x27, 0xd1, 0xd9, 0x3a, 0xba, 0x9d, 0xfa,
    0x5e, 0xef, 0xd8, 0xc8, 0xd2, 0xa1, 0xc7, 0x4b, 0xba, 0x5e, 0x35, 0x9b,
    0x48, 0x92, 0x4a, 0x80, 0x9a, 0x0e, 0x90, 0xfc, 0xd9, 0xea, 0x52, 0x9d,
    0xb9, 0xc9, 0x74, 0x66, 0xd2, 0xd1, 0x56, 0x94, 0xcd, 0xad, 0x68, 0x9f,
    0x7f, 0xfe, 0xa2, 0x31, 0x25, 0x59, 0xa2, 0x6a, 0xfd, 0x16, 0xad, 0xbc,
    0x18, 0xa2, 0xed, 0xd3, 0x4c, 0x4f, 0x55, 0xa9, 0x95, 0x9d, 0x4d, 0x9b,
    0x41, 0x2c, 0x1b, 0xde, 0x5a, 0x35, 0x15, 0xd2, 0xcc, 0xf6, 0x33, 0x6a,
    0x14, 0x48, 0xb3, 0xd6, 0x8d, 0x6f, 0x14, 0x0a, 0xb6, 0x3b, 0x57, 0x4a,
    0x62, 0xbe, 0xd4, 0x12, 0xa1, 0xd6, 0x8b, 0x22, 0x15, 0xaa, 0xdb, 0xf0,
    0x7a, 0x21, 0x3e, 0x59, 0xce, 0x61, 0x60, 0x67, 0xd5, 0x56, 0x4b, 0xa5,
    0x0d, 0xde, 0xbc, 0x55, 0x57, 0x35, 0x98, 0x24, 0x8b, 0x70, 0x36, 0xdb,
    0xd8, 0x96, 0xb7, 0xb5, 0xb8, 0xf8, 0xad, 0x0d, 0x57, 0xb5, 0x8c, 0x57,
    0xa2, 0xea, 0x45, 0x53, 0xd7, 0xb4, 0xab, 0x5d, 0x30, 0x11, 0xcd, 0x3f,
    0x59, 0x15, 0x15, 0xb3, 0xf6, 0x85, 0x40, 0xc3, 0x52, 0x3a, 0x84, 0x75,
    0x14, 0x69, 0x25, 0x26, 0xc5, 0x79, 0xc1, 0x1e, 0x94, 0xd6, 0x92, 0x00,
    0xc7, 0xa2, 0xa8, 0x8a, 0xa1, 0x7d, 0xcf, 0xc2, 0x55, 0x3f, 0x83, 0x00,
    0x6c, 0x46, 0xf6, 0x57, 0x4b, 0x1c, 0x15, 0x32, 0xd4, 0xd6, 0xbc, 0x3c,
    0x86, 0xab, 0x1a, 0x86, 0xda, 0x54, 0x94, 0xc2, 0x70, 0x57, 0xbe, 0xd0,
    0xd0, 0x28, 0xca, 0x5e, 0xd8, 0xf7, 0x00, 0xd8, 0xd5, 0x35, 0xbd, 0x3d,
    0x5f, 0x42, 0xad, 0xbd, 0xbc, 0xc3, 0x0f, 0x14, 0xb9, 0xea, 0x88, 0xea,
    0x18, 0x1d, 0x77, 0x75, 0x0c, 0xf2, 0x27, 0x87, 0xef, 0xbb, 0xc9, 0xcf,
    0xeb, 0x06, 0x7c, 0x9f, 0x3d, 0x0e, 0xf3, 0xa9, 0x28, 0x2a, 0x48, 0x03,
    0x5f, 0x80, 0x56, 0x7f, 0x8b, 0xaa, 0x3d, 0x1c, 0x55, 0x67, 0xe5, 0x8c,
    0x07, 0x81, 0x59, 0x46, 0x86, 0x0d, 0x07, 0xf9, 0xb6, 0x0a, 0xe7, 0xb9,
    0x6e, 0xc2, 0x9c, 0x25, 0xe0, 0xa2, 0x7a, 0x19, 0x2e, 0xe2, 0x59, 0x93,
    0x9f, 0x65, 0x58, 0xe1, 0xed, 0x7c, 0x93, 0xaf, 0xe2, 0xf9, 0x8b, 0x34,
    0x8a, 0x45, 0xba, 0x19, 0x2f, 0x0e, 0x47, 0x93, 0xf0, 0xe5, 0x5b, 0x66,
    0x60, 0xe6, 0x94, 0x29, 0x1b, 0x22, 0x47, 0x5f, 0x79, 0x4d, 0x70, 0x4a,
    0xac, 0x2f, 0x95, 0xd3, 0x3c, 0xa5, 0x85, 0x0b, 0x38, 0x7f, 0x85, 0x42,
    0x16, 0xef, 0x08, 0xd8, 0x70, 0xbd, 0x4a, 0x2d, 0xb0, 0x64, 0x2f, 0x10,
    0x0e, 0x30, 0xbe, 0x12, 0x42, 0x7b, 0xb2, 0x37, 0x36, 0x0b, 0xc1, 0x01,
    0xbb, 0x9e, 0x91, 0x31, 0x9e, 0x14, 0x97, 0x65, 0x44, 0xf5, 0x63, 0x36,
    0x97, 0xa2, 0x81, 0xd5, 0x37, 0x9c, 0x8f, 0x12, 0x22, 0xeb, 0xb0, 0xd1,
    0xf8, 0x2b, 0x7b, 0x3b, 0xaf, 0xe7, 0xcb, 0x57, 0xf1, 0x7c, 0x89, 0xf5,
    0x11, 0xef, 0xac, 0x4e, 0x49, 0xfe, 0x2c, 0xa2, 0x05, 0xbc, 0xac, 0x45,
    0x01, 0x0a, 0xb9, 0xc8, 0x7b, 0xb6, 0x8c, 0xe3, 0xc8, 0x41, 0x5f, 0xfa,
    0xce, 0x45, 0x60, 0xf6, 0x72, 0xc8, 0x53, 0x82, 0x18, 0xbf, 0x3c, 0xe5,
    0x8f, 0xad, 0xca, 0xc3, 0xe9, 0x7c, 0x49, 0x34, 0x88, 0x3c, 0xcd, 0xd8,
    0x55, 0x13, 0xcd, 0x99, 0xa2, 0x0e, 0x2a, 0x1b, 0xb2, 0x61, 0x47, 0x8c,
    0xc6, 0xc5, 0xb8, 0xca, 0x7b, 0x7d, 0xe4, 0x97, 0x84, 0x2a, 0x0c, 0xb6,
    0x72, 0xd5, 0x01, 0xc1, 0x8c, 0x3a, 0x3b, 0xd5, 0x49, 0x93, 0xd3, 0x13,
    0x6d, 0x07, 0xa7, 0x6a, 0xaa, 0x95, 0x68, 0xc7, 0x87, 0x53, 0x18, 0xc1,
    0x9c, 0xa5, 0x79, 0x3a, 0xf0, 0x05, 0x22, 0x66, 0xc5, 0x9b, 0xc6, 0x98,
    0xf4, 0x01, 0x82, 0x12, 0x79, 0x3c, 0x8d, 0x89, 0x11, 0xc0, 0xfe, 0x24,
    0xa8, 0x35, 0xde, 0x76, 0x79, 0x7c, 0x22, 0x6f, 0x1a, 0x0b, 0x69, 0x1c,
    0x23, 0x39, 0xc3, 0x84, 0xfa, 0x22, 0xb2, 0x38, 0x62, 0x9b, 0xc1, 0x5c,
    0x7c, 0xcf, 0x09, 0x93, 0xe4, 0xcb, 0x59, 0xb8, 0xe1, 0xdd, 0x38, 0x6e,
    0x0f, 0x50, 0xa8, 0x43, 0x37, 0x54, 0xce, 0xaf, 0x59, 0x02, 0x7a, 0x01,
    0x21, 0x5e, 0x71, 0xd7, 0x2a, 0x17, 0xe4, 0xfc, 0x36, 0xcc, 0x20, 0x50,
    0xe0, 0xee, 0x22, 0x98, 0x4f, 0x43, 0x88, 0x16, 0x91, 0x64, 0x0b, 0x4f,
    0x97, 0x01, 0xd9, 0xca, 0x54, 0x95, 0x32, 0x06, 0x36, 0xbf, 0x42, 0xa4,
    0xbf, 0x2d, 0xee, 0x72, 0x15, 0xc8, 0xc1, 0x99, 0xa0, 0x23, 0x72, 0xec,
    0xeb, 0xaf, 0x2b, 0x3c, 0xd6, 0x14, 0x00, 0x69, 0x8a, 0x2c, 0x41, 0xfa,
    0x7b, 0x8e, 0xf4, 0x43, 0x1d, 0x69, 0xcb, 0x45, 0xcc, 0xca, 0xbf, 0x3d,
    0x15, 0xc2, 0x4c, 0xbd, 0x36, 0xa4, 0xd0, 0xe3, 0x76, 0x41, 0x0f, 0x7a,
    0x23, 0x6c, 0x61, 0x6c, 0x6e, 0x31, 0x28, 0xa5, 0x50, 0x30, 0xd4, 0x5a,
    0x18, 0xd7, 0x54, 0xe4, 0x4a, 0x3e, 0x5b, 0x2c, 0xd7, 0x34, 0xba, 0xc2,
    0x37, 0x20, 0x2a, 0x36, 0xf8, 0xbe, 0x37, 0x38, 0x4f, 0x87, 0xd1, 0x15,
    0x09, 0xec, 0x15, 0x78, 0x8f, 0x5e, 0x57, 0x60, 0xd8, 0x99, 0xe3, 0xdb,
    0xd3, 0x42, 0x07, 0x57, 0x7b, 0x17, 0x23, 0xeb, 0x13, 0xc6, 0x87, 0x95,
    0x22, 0x9a, 0xf6, 0x35, 0xa6, 0xa4, 0xbf, 0xec, 0x92, 0x9f, 0xe3, 0xf7,
    0x54, 0x5c, 0x58, 0xa2, 0x1f, 0x83, 0xaf, 0x1e, 0x9a, 0x67, 0xac, 0x43,
    0xfc, 0xe7, 0x24, 0x5f, 0x87, 0xb3, 0xa6, 0x59, 0x57, 0x92, 0xf1, 0x1e,
    0x60, 0xfb, 0xdc, 0xae, 0xe3, 0x69, 0xbc, 0x34, 0x18, 0x8e, 0x6d, 0x52,
    0x23, 0xae, 0xdf, 0x80, 0x67, 0x0d, 0x23, 0x72, 0x2f, 0x57, 0x82, 0xc2,
    0xc9, 0xdf, 0x18, 0x4b, 0x43, 0x9d, 0xef, 0x15, 0x97, 0x8b, 0x4b, 0x04,
    0xd0, 0xb9, 0xb1, 0x4d, 0x66, 0xbd, 0x46, 0x91, 0xa6, 0x5b, 0xe2, 0xe9,
    0x53, 0xba, 0x25, 0xbe, 0xff, 0x93, 0x66, 0x28, 0xd8, 0x00, 0xec, 0x22,
    0x89, 0x6e, 0x71, 0xd9, 0x66, 0xdc, 0x6f, 0x19, 0x59, 0x6c, 0x58, 0xd3,
    0xb2, 0xf2, 0x8d, 0x45, 0xeb, 0x39, 0x5a, 0xb0, 0x14, 0x87, 0x11, 0xba,
    0x41, 0x04, 0x3a, 0xb5, 0x47, 0x2a, 0x3a, 0xd6, 0x19, 0x0d, 0x66, 0x5c,
    0x7b, 0x24, 0xda, 0xa9, 0xf4, 0xb2, 0x53, 0x29, 0x18, 0xb1, 0x06, 0xe5,
    0xc1, 0x2f, 0xc9, 0xc5, 0xf5, 0xee, 0x2e, 0xcf, 0xd9, 0x59, 0x34, 0xc2,
    0x84, 0x35, 0x40, 0x43, 0x2e, 0x1d, 0x4b, 0x1c, 0x57, 0xe9, 0xf9, 0xf9,
    0x4c, 0xd6, 0xd3, 0x6c, 0x73, 0x68, 0x27, 0xda, 0xc1, 0xe2, 0x2a, 0xf8,
    0xaa, 0x9d, 0x56, 0x15, 0xb1, 0xcd, 0xb9, 0x3e, 0x31, 0x72, 0x9c, 0x2d,
    0xb6, 0x9b, 0x27, 0xc9, 0xc9, 0xa9, 0xc0, 0xbe, 0xa1, 0x03, 0x82, 0x45,
    0x6a, 0x57, 0xba, 0xa2, 0xa1, 0x9c, 0xd0, 0x42, 0xd7, 0x54, 0x7b, 0x12,
    0x89, 0x89, 0x1e, 0x0d, 0x95, 0xa8, 0x23, 0x60, 0xc2, 0x47, 0x74, 0xf9,
    0x9f, 0x2d, 0xff, 0x5d, 0x6e, 0xf1, 0x67, 0x3d, 0xe2, 0xcb, 0xc9, 0x69,
    0x07, 0x9c, 0xaf, 0xe0, 0x6e, 0x41, 0x38, 0x08, 0x60, 0xad, 0x73, 0x4c,
    0xca, 0x14, 0x2f, 0x6d, 0x11, 0xa1, 0xf1, 0x32, 0xd0, 0xa3, 0x43, 0x51,
    0xe8, 0x00, 0x69, 0xdb, 0xae, 0x97, 0xb3, 0xf4, 0xd2, 0xfd, 0x72, 0x1e,
    0x47, 0xc9, 0x7a, 0xee, 0x7e, 0x3f, 0x4d, 0xce, 0xa7, 0xda, 0x5b, 0xc4,
    0xb1, 0x27, 0x74, 0xcd, 0x47, 0x80, 0xae, 0xa5, 0x7b, 0x3e, 0x08, 0xde,
    0x49, 0x70, 0xdf, 0x7c, 0xd4, 0x5e, 0x32, 0x97, 0xab, 0x3e, 0x8f, 0xe3,
    0x4a, 0x04, 0x81, 0xcd, 0xaa, 0x8d, 0xdb, 0xf2, 0x4b, 0xf6, 0x02, 0x86,
    0x9d, 0x62, 0x81, 0x34, 0x30, 0x2f, 0x8a, 0xf2, 0x81, 0xf8, 0x31, 0xa3,
    0x4d, 0x81, 0x1e, 0x32, 0x96, 0xb6, 0x6d, 0xb8, 0x3d, 0xb0, 0xa3, 0x86,
    0x28, 0xd7, 0x6e, 0x1e, 0x90, 0x6f, 0x11, 0xfe, 0x03, 0xe3, 0xa8, 0x53,
    0x30, 0xa1, 0x47, 0x21, 0xbf, 0xf2, 0x8e, 0xeb, 0xa2, 0x84, 0xde, 0xc2,
    0x20, 0x85, 0x65, 0xe4, 0x90, 0x23, 0xef, 0x87, 0x35, 0x4d, 0xf0, 0xa0,
    0xc7, 0xde, 0x33, 0xdd, 0x02, 0x43, 0xa7, 0xfe, 0x90, 0x19, 0x84, 0xd4,
    0xbe, 0x43, 0x44, 0x0e, 0xb7, 0x17, 0x1f, 0xb3, 0xed, 0x4f, 0xeb, 0xd1,
    0xab, 0x7e, 0x05, 0xd5, 0xd2, 0x6c, 0xd9, 0xcc, 0xa2, 0x00, 0x37, 0x50,
    0x37, 0xe1, 0x9e, 0x50, 0x6f, 0x1e, 0x4c, 0xa0, 0x03, 0xa8, 0xbf, 0xfb,
    0xe6, 0xa3, 0xde, 0xe2, 0xea, 0xdf, 0xfe, 0xf5, 0xd1, 0xbb, 0x0a, 0xab,
    0xe8, 0x9a, 0x07, 0x2c, 0x93, 0x6b, 0x12, 0x9a, 0xed, 0x8b, 0xcc, 0x42,
    0xc0, 0x35, 0x95, 0x71, 0x15, 0xa4, 0x8d, 0xbf, 0xf2, 0xba, 0x0a, 0xf2,
    0x12, 0x01, 0x84, 0x0b, 0x8a, 0x97, 0x06, 0x0a, 0xd6, 0x05, 0x70, 0xe9,
    0x65, 0x30, 0x93, 0x31, 0x95, 0x57, 0x4a, 0x99, 0x5f, 0x43, 0x89, 0xd3,
    0xe9, 0xa2, 0x42, 0xab, 0xee, 0xe6, 0x64, 0x19, 0x08, 0xcc, 0x93, 0xf6,
    0x19, 0x0b, 0x44, 0x7b, 0x3c, 0x9b, 0x59, 0x0a, 0xf9, 0x8f, 0x91, 0x08,
    0x8e, 0xd1, 0x9f, 0xba, 0x7b, 0xb3, 0xc5, 0xca, 0x3c, 0x3b, 0x2a, 0x08,
    0x40, 0xe2, 0xcb, 0x39, 0xc1, 0x92, 0xc3, 0xc1, 0x11, 0xe0, 0xee, 0x4f,
    0xd1, 0xc6, 0x53, 0xa5, 0x82, 0x37, 0x29, 0x56, 0x61, 0xd0, 0x22, 0x27,
    0x0a, 0x61, 0x93, 0x71, 0xdc, 0xbc, 0xdb, 0xbb, 0xf3, 0xcd, 0x5d, 0xa2,
    0x5f, 0x36, 0x94, 0x47, 0xff, 0xb1, 0xcb, 0x1f, 0x59, 0x0e, 0x34, 0x9a,
    0x38, 0x98, 0xcc, 0xe3, 0x7f, 0x48, 0x17, 0x31, 0xa3, 0xba, 0x65, 0x66,
    0x88, 0x82, 0x37, 0x2b, 0x9a, 0x7e, 0x21, 0xea, 0xff, 0x47, 0x45, 0xa6,
    0x9c, 0xba, 0x58, 0xa2, 0xd5, 0x2b, 0x0d, 0x24, 0x7d, 0x67, 0x2c, 0x8d,
    0x0d, 0x8f, 0xaa, 0x04, 0x86, 0x9e, 0x88, 0xa0, 0xd6, 0xa5, 0x73, 0x9a,
    0xa6, 0xb3, 0x88, 0x7e, 0xd6, 0xc1, 0x82, 0x73, 0x5c, 0xd2, 0x9d, 0x96,
    0x7e, 0x87, 0x44, 0xb7, 0xc7, 0xbc, 0x27, 0x4b, 0xa8, 0x1b, 0x65, 0xe9,
    0x65, 0x0e, 0x1f, 0x58, 0xa4, 0x99, 0x9c, 0x3a, 0xc8, 0x2b, 0xee, 0xe8,
    0xa5, 0x0d, 0x7f, 0x7c, 0xf5, 0xe8, 0x5d, 0xd9, 0x18, 0x45, 0x11, 0x5d,
    0x37, 0x72, 0x65, 0x5b, 0xe0, 0x51, 0x21, 0x97, 0x45, 0x94, 0xeb, 0x57,
    0xaf, 0x94, 0x0e, 0x80, 0xca, 0xeb, 0x1a, 0xff, 0x10, 0x87, 0xd1, 0xa6,
    0xbc, 0x7f, 0x70, 0x50, 0xb9, 0xfc, 0x38, 0x54, 0x12, 0xcf, 0x2b, 0xd5,
    0xd1, 0x55, 0x02, 0xcd, 0x6a, 0x49, 0x5d, 0x8f, 0x6f, 0x1d, 0xd9, 0xcd,
    0xbf, 0xc7, 0x7a, 0xb0, 0x31, 0x44, 0xda, 0x74, 0x31, 0xa2, 0xb8, 0xae,
    0x40, 0x1e, 0xd0, 0xd3, 0x92, 0xfc, 0x9b, 0x37, 0xf0, 0xd1, 0x44, 0xdf,
    0x62, 0xec, 0xe2, 0x8e, 0x78, 0x3c, 0x66, 0xb7, 0x1d, 0xe2, 0x71, 0xde,
    0x30, 0x6b, 0xf0, 0xc8, 0xb6, 0x4e, 0x72, 0x09, 0x9f, 0x7e, 0x20, 0xfe,
    0xb4, 0x52, 0xa4, 0xb1, 0x72, 0xed, 0x8e, 0x5e, 0x81, 0x0c, 0x0c, 0x14,
    0x7f, 0x1a, 0xf0, 0x5c, 0x1c, 0xcb, 0x12, 0x04, 0x44, 0x80, 0xe2, 0x93,
    0x70, 0xab, 0x56, 0x59, 0xdb, 0xc5, 0x80, 0xbe, 0x00, 0x15, 0x4d, 0x77,
    0x3e, 0xd3, 0x57, 0x5f, 0xe3, 0x17, 0x2c, 0x16, 0x64, 0xb4, 0xd4, 0x60,
    0xf0, 0x92, 0xdc, 0xce, 0xc8, 0x90, 0xd2, 0x4f, 0xef, 0xf8, 0x7b, 0xde,
    0x91, 0x97, 0xb9, 0xf6, 0x84, 0x8b, 0x3c, 0x20, 0x68, 0xcf, 0x32, 0x16,
    0x37, 0xfa, 0x1c, 0xf4, 0xec, 0x30, 0x5c, 0x46, 0x03, 0x3a, 0x6f, 0xde,
    0x62, 0x65, 0xc5, 0x4d, 0x32, 0xd3, 0xd6, 0xdd, 0xe5, 0x9a, 0x1c, 0xee,
    0xef, 0x68, 0x80, 0x29, 0xbf, 0x8a, 0xde, 0xb9, 0x6b, 0x05, 0xb2, 0x22,
    0xdc, 0xac, 0x84, 0x07, 0xeb, 0x2a, 0x73, 0x37, 0x7c, 0x80, 0x59, 0xc8,
    0x6a, 0xea, 0x86, 0x5c, 0x54, 0xc2, 0xae, 0x0f, 0x5b, 0xf0, 0xfe, 0xdc,
    0x0d, 0x5d, 0x03, 0x57, 0xd4, 0x20, 0x11, 0x44, 0x2d, 0x81, 0x2f, 0x76,
    0x50, 0xfe, 0xce, 0x77, 0x86, 0xb3, 0x3e, 0xbf, 0xa4, 0xc9, 0xa2, 0xd9,
    0x08, 0x1a, 0xad, 0xb2, 0x6f, 0xcd, 0x3e, 0x92, 0xb9, 0x92, 0x4d, 0xe4,
    0x5b, 0xb2, 0xf2, 0x2d, 0x8f, 0x52, 0xc3, 0xf1, 0xe3, 0x8a, 0x5d, 0x2b,
    0xad, 0x1b, 0xe6, 0xde, 0xb3, 0x21, 0x55, 0x4e, 0xd5, 0x8d, 0x0b, 0xff,
    0xbc, 0x19, 0x58, 0xbf, 0x99, 0x7a, 0x9f, 0xbc, 0x42, 0x25, 0xbd, 0x2d,
    0xa0, 0x15, 0xc2, 0xf4, 0x97, 0xea, 0xa4, 0x37, 0xa3, 0xb0, 0x7c, 0x59,
    0x72, 0xc4, 0xae, 0x95, 0x6a, 0x84, 0xfe, 0x12, 0xa2, 0x77, 0x94, 0xe1,
    0xed, 0x0f, 0x7a, 0xc8, 0x79, 0x9b, 0x81, 0x7a, 0x6d, 0x94, 0x96, 0x95,
    0x9b, 0x4f, 0xd3, 0x4b, 0xcd, 0x81, 0x8b, 0x0b, 0xf6, 0xc6, 0xa7, 0x46,
    0x8b, 0x41, 0xdc, 0x3d, 0x50, 0xd9, 0x67, 0x2d, 0xa9, 0x61, 0x03, 0x70,
    0xc0, 0xa5, 0xe1, 0x55, 0x6a, 0x44, 0x7e, 0x1b, 0x66, 0x8e, 0x62, 0x67,
    0x97, 0xc9, 0x24, 0x79, 0xb6, 0x98, 0xa4, 0x3e, 0xd6, 0x13, 0x6d, 0x54,
    0xbe, 0x13, 0xcf, 0x4c, 0xac, 0x68, 0x88, 0x32, 0x4f, 0x68, 0x85, 0x39,
    0xfa, 0x23, 0x59, 0x82, 0xf7, 0x01, 0xa4, 0x0e, 0x7f, 0x73, 0x15, 0xfc,
    0x5d, 0xc0, 0x7f, 0x26, 0x4b, 0xe6, 0x7c, 0x00, 0xb6, 0xf3, 0x7d, 0xc7,
    0x43, 0x8d, 0x4a, 0xaa, 0x84, 0x31, 0x96, 0x87, 0x9f, 0x17, 0x94, 0xc0,
    0xa0, 0x95, 0xbb, 0x83, 0x7f, 0x12, 0x06, 0x1a, 0x74, 0x54, 0xde, 0x77,
    0xc9, 0x9b, 0x79, 0x93, 0xc6, 0xb2, 0x2d, 0x25, 0x61, 0xad, 0x9e, 0x9e,
    0x18, 0xae, 0x5a, 0x83, 0x16, 0xde, 0xdd, 0xb8, 0xc8, 0x6f, 0xee, 0x38,
    0x7b, 0x0c, 0x9a, 0x2e, 0x88, 0x0c, 0x7d, 0x6a, 0x7e, 0xcf, 0xfb, 0x01,
    0xd6, 0x8a, 0xa5, 0x75, 0x78, 0xaf, 0xdf, 0x95, 0xdd, 0x28, 0x50, 0x16,
    0x48, 0x1e, 0xcb, 0xbe, 0x4f, 0xa6, 0xc0, 0xbd, 0x1a, 0xb9, 0x9c, 0x2c,
    0x01, 0xd0, 0xf8, 0x88, 0x8a, 0x3d, 0xbe, 0x92, 0xd6, 0xae, 0xe4, 0x39,
    0xaa, 0xb5, 0x8f, 0x54, 0x04, 0x8a, 0x72, 0xbb, 0x48, 0x2a, 0x65, 0x91,
    0xa0, 0x6e, 0x50, 0x07, 0xa9, 0x36, 0x4c, 0xe4, 0x92, 0x68, 0xed, 0x27,
    0x91, 0xb1, 0x97, 0x21, 0x69, 0xc1, 0x81, 0x5a, 0x5b, 0x93, 0xc3, 0x52,
    0xc2, 0x0d, 0x1d, 0x13, 0x78, 0x40, 0x29, 0xcf, 0x06, 0x54, 0xfb, 0x16,
    0xd2, 0x62, 0xa8, 0x72, 0x38, 0x33, 0xc0, 0xc0, 0xce, 0x97, 0xcf, 0xec,
    0xbe, 0x62, 0x4e, 0x43, 0x37, 0x6d, 0x0a, 0x6e, 0xa1, 0x97, 0xb4, 0x70,
    0x00, 0x3f, 0x68, 0xe8, 0xfb, 0x40, 0xe1, 0x53, 0xd0, 0x6e, 0x2a, 0xd8,
    0x00, 0xb0, 0x15, 0x07, 0x60, 0x28, 0x27, 0x98, 0xd0, 0xaf, 0xf4, 0x83,
    0xcb, 0x2d, 0x6c, 0x65, 0xf1, 0x29, 0xa8, 0x47, 0xe6, 0x3d, 0x3e, 0xf0,
    0x5a, 0xa1, 0xfe, 0x73, 0xeb, 0xe4, 0x46, 0xbe, 0x71, 0x61, 0xd5, 0xf3,
    0x75, 0x7f, 0xe6, 0xc1, 0xbe, 0xff, 0x50, 0xe1, 0xa3, 0x15, 0x1e, 0x34,
    0x11, 0xcd, 0x45, 0x11, 0xce, 0xce, 0x33, 0x42, 0x06, 0x91, 0x1a, 0x2d,
    0x67, 0x9d, 0x36, 0x2b, 0x58, 0x68, 0x64, 0xe7, 0x50, 0x3f, 0xae, 0x99,
    0xb1, 0x63, 0x7a, 0x72, 0x9d, 0x28, 0xf0, 0xd0, 0xac, 0x67, 0x7c, 0xde,
    0x42, 0x1d, 0x9c, 0x3f, 0x92, 0x23, 0x8b, 0x8c, 0x9e, 0x3a, 0xc3, 0x52,
    0xbf, 0xb3, 0x7f, 0x5c, 0xd5, 0x77, 0xad, 0x25, 0xb6, 0x68, 0x23, 0xcb,
    0x8c, 0x90, 0x4a, 0x43, 0x4b, 0x47, 0xb0, 0x39, 0xb8, 0x95, 0xc4, 0xe2,
    0x77, 0x11, 0x57, 0x18, 0x81, 0xbb, 0x34, 0x7c, 0xb3, 0x74, 0x38, 0x41,
    0x0c, 0x54, 0xf8, 0xe3, 0x56, 0xad, 0xd1, 0xc9, 0xf6, 0xbf, 0x31, 0x04,
    0x24, 0xac, 0x7a, 0x38, 0x3c, 0x4a, 0xd3, 0x59, 0x94, 0x5e, 0x2e, 0x3c,
    0x18, 0x18, 0x23, 0x89, 0x1e, 0x40, 0x7d, 0xe6, 0xaa, 0xdf, 0x92, 0xf8,
    0x02, 0xd0, 0x0f, 0xf1, 0x3c, 0x4c, 0xe8, 0x22, 0x5e, 0x9b, 0x0a, 0x16,
    0x48, 0xf3, 0x5a, 0x6c, 0x91, 0x8d, 0x40, 0x85, 0x08, 0x6a, 0x57, 0xe0,
    0x6d, 0x50, 0x95, 0xb0, 0x68, 0x09, 0xb4, 0xe0, 0xf9, 0x0d, 0x94, 0x18,
    0x8f, 0x45, 0x9c, 0xb0, 0x24, 0x9b, 0x22, 0xfe, 0x8e, 0xe0, 0xeb, 0x46,
    0x45, 0x24, 0xe8, 0xf3, 0xc9, 0x98, 0x8a, 0x89, 0x96, 0x3b, 0x17, 0x3f,
    0x3b, 0x5f, 0xa4, 0x59, 0xfc, 0x83, 0xd1, 0xb8, 0x75, 0xec, 0x86, 0x87,
    0xde, 0x76, 0x36, 0x47, 0x83, 0xc3, 0xca, 0xc2, 0xe0, 0x8f, 0xe2, 0x1b,
    0xf0, 0x48, 0xed, 0x51, 0x0b, 0x25, 0x1e, 0xcf, 0x21, 0x27, 0x93, 0x3a,
    0xb2, 0x65, 0xba, 0x16, 0x94, 0xb7, 0x88, 0x62, 0x57, 0x0d, 0xb5, 0xee,
    0xfb, 0x2a, 0x90, 0x5b, 0x57, 0x72, 0x9c, 0xf2, 0x22, 0xa5, 0x15, 0xc7,
    0x6c, 0x3c, 0x5b, 0xf0, 0xb8, 0x58, 0xd9, 0x17, 0x25, 0xb8, 0x85, 0xa2,
    0x51, 0x80, 0xde, 0x36, 0xa5, 0xfd, 0xe1, 0x1a, 0x82, 0x2b, 0xf3, 0xb1,
    0xca, 0xc6, 0x65, 0x61, 0x0c, 0x4b, 0x30, 0xea, 0xb1, 0x0e, 0x3c, 0x15,
    0xd3, 0x09, 0x73, 0x0a, 0xc7, 0x12, 0xd9, 0x3f, 0x49, 0x5e, 0x05, 0xae,
    0x6c, 0x5d, 0x4f, 0xd0, 0x40, 0xd8, 0xe7, 0x79, 0x32, 0x4f, 0xca, 0x90,
    0x77, 0x0b, 0x9e, 0x02, 0x02, 0x5a, 0x2a, 0xbc, 0x02, 0x0a, 0x2f, 0x92,
    0x05, 0x0f, 0xe2, 0x6d, 0x8d, 0x83, 0x04, 0xb1, 0x2d, 0x12, 0x42, 0x44,
    0xc1, 0x6c, 0xb6, 0x46, 0x43, 0x05, 0x72, 0x5d, 0x44, 0x78, 0xe6, 0xf7,
    0xb5, 0x71, 0xe1, 0x70, 0x54, 0xdd, 0x78, 0x50, 0x0f, 0xb7, 0xb0, 0xd2,
    0xe2, 0x38, 0x52, 0x7f, 0x3d, 0x33, 0x4e, 0x66, 0x55, 0x40, 0x42, 0xbb,
    0x2a, 0xf0, 0x58, 0xe9, 0x8e, 0x2a, 0x10, 0x63, 0xbb, 0x7e, 0xb8, 0x9d,
    0x1e, 0x8e, 0x67, 0x06, 0x0e, 0x4d, 0x8d, 0xb1, 0x6d, 0x6b, 0x7c, 0x43,
    0x4d, 0xb7, 0x6b, 0x23, 0xaa, 0xd9, 0x50, 0xd7, 0xc1, 0x34, 0xb3, 0xa5,
    0x58, 0xbf, 0xa1, 0xb9, 0xa0, 0x6a, 0x33, 0x26, 0x45, 0x78, 0x13, 0xf6,
    0xa3, 0x8d, 0x9e, 0x95, 0x43, 0xf3, 0x48, 0x54, 0x9b, 0xf1, 0xd5, 0xe2,
    0x6d, 0x42, 0x73, 0x03, 0x05, 0x45, 0xc6, 0x76, 0x81, 0x4b, 0xa2, 0x5a,
    0x41, 0x0e, 0x27, 0x43, 0x05, 0xff, 0x22, 0x6b, 0x68, 0xba, 0x16, 0xb5,
    0xee, 0xfa, 0x21, 0xa4, 0xbd, 0x42, 0xab, 0x7a, 0xeb, 0xd1, 0x05, 0xaf,
    0x47, 0xe4, 0xaa, 0xc4, 0x8d, 0x45, 0x40, 0x4f, 0x92, 0x73, 0x88, 0xc9,
    0x59, 0x7e, 0xac, 0x92, 0x03, 0x80, 0x46, 0xf7, 0x08, 0x0b, 0x5e, 0xb8,
    0x73, 0xf0, 0xd1, 0xcf, 0xdc, 0x57, 0x38, 0x03, 0x7c, 0xa0, 0x15, 0xd9,
    0x8f, 0x82, 0x37, 0xd3, 0xd5, 0xa9, 0xb4, 0x46, 0xfd, 0x5d, 0xb6, 0x50,
    0xdf, 0xf2, 0x34, 0xc1, 0xd1, 0x95, 0xea, 0x0c, 0xca, 0xf2, 0x12, 0x2f,
    0x45, 0x40, 0xdd, 0x52, 0xdd, 0x28, 0x58, 0x5b, 0x3c, 0xd5, 0x00, 0xf3,
    0xa1, 0x61, 0xe7, 0x85, 0x9f, 0x0c, 0xb2, 0xdd, 0xb6, 0x47, 0xda, 0x56,
    0x84, 0x30, 0xd0, 0x2b, 0xa7, 0x86, 0xd1, 0x61, 0x1b, 0x92, 0xa8, 0x67,
    0x97, 0x9f, 0x28, 0x6a, 0xcb, 0xed, 0x0f, 0xd9, 0xad, 0x08, 0x63, 0x21,
    0x59, 0x4e, 0x1a, 0xab, 0xcb, 0x75, 0x88, 0xc3, 0x0f, 0xd3, 0x6a, 0xf4,
    0xe1, 0x8d, 0xaf, 0x75, 0xfc, 0x5f, 0x8b, 0x4a, 0x2a, 0xb6, 0xd5, 0x09,
    0xa5, 0xf6, 0x52, 0x12, 0x48, 0x9c, 0xb4, 0x2a, 0xf3, 0x91, 0x98, 0x53,
    0x50, 0x4f, 0xc7, 0xe3, 0x3a, 0xce, 0x1e, 0x14, 0x90, 0x7c, 0x5d, 0x05,
    0x96, 0x9e, 0x0f, 0x4f, 0x60, 0xc9, 0x8c, 0xf8, 0xf2, 0x8b, 0x4f, 0x15,
    0x72, 0x61, 0xd4, 0xb8, 0x80, 0x6c, 0x86, 0x5e, 0xc9, 0xd2, 0x5a, 0x60,
    0xc5, 0x77, 0x6f, 0x30, 0xa1, 0x46, 0x8b, 0xbd, 0x09, 0x6c, 0xca, 0x4b,
    0xdd, 0x21, 0xb3, 0xb0, 0x4a, 0x04, 0x18, 0x40, 0x6d, 0x0c, 0x31, 0x20,
    0xc7, 0x9e, 0x52, 0xdf, 0xb7, 0xf5, 0x0e, 0x70, 0xd3, 0xe4, 0xe1, 0x72,
    0x39, 0x4b, 0xec, 0xab, 0xe0, 0x3c, 0x90, 0x3d, 0x4d, 0xd7, 0xb3, 0xe8,
    0xc7, 0x3c, 0x2e, 0xf2, 0x75, 0x4e, 0x8c, 0x8b, 0xde, 0xb7, 0xab, 0xcc,
    0x0b, 0x1c, 0x61, 0x34, 0x92, 0x1e, 0x8e, 0x70, 0x9c, 0x21, 0xa1, 0xa0,
    0xdb, 0xeb, 0xdb, 0xc5, 0x5f, 0x6c, 0x04, 0x20, 0x1c, 0x55, 0x29, 0x7d,
    0x09, 0x21, 0xa0, 0x37, 0x5f, 0xc9, 0x2c, 0x7a, 0xe1, 0x24, 0x15, 0x28,
    0xbe, 0xd9, 0x3a, 0xf6, 0xd1, 0x59, 0x1f, 0x97, 0xb9, 0xf6, 0x6b, 0x20,
    0x5e, 0x07, 0xed, 0xab, 0xaa, 0xe9, 0x50, 0x0a, 0x4c, 0xcc, 0x43, 0xe3,
    0x0e, 0x1a, 0xc6, 0xf1, 0xfb, 0x28, 0xdc, 0x98, 0x02, 0x42, 0x38, 0x11,
    0x5e, 0xa5, 0x90, 0xd8, 0xca, 0xf6, 0x1d, 0x6f, 0x0a, 0xcb, 0xad, 0xdd,
    0xc9, 0xf6, 0xc2, 0x8e, 0x17, 0x51, 0x55, 0xd8, 0xa4, 0xa9, 0x01, 0xdb,
    0xa5, 0x66, 0x3e, 0x4f, 0xcf, 0x73, 0x4b, 0xc1, 0x64, 0x1e, 0x71, 0x38,
    0xab, 0xe2, 0x2c, 0x5c, 0xad, 0xb3, 0xb8, 0xfa, 0xb7, 0x9b, 0x56, 0x46,
    0x27, 0xfd, 0x0b, 0x4e, 0xf4, 0xba, 0x2b, 0x59, 0x5f, 0xfb, 0x33, 0x53,
    0x5d, 0xa5, 0x23, 0xc1, 0xa9, 0xf8, 0xd8, 0x94, 0xfe, 0x98, 0x7e, 0x73,
    0x0a, 0xb1, 0x1b, 0x4b, 0x0a, 0xb3, 0x51, 0xdf, 0x4d, 0x33, 0xa5, 0x39,
    0xfe, 0xb9, 0xe3, 0xba, 0xed, 0x47, 0x4e, 0x10, 0xe0, 0x1d, 0x51, 0xb6,
    0x2d, 0xb8, 0x22, 0x7f, 0xf1, 0x6e, 0x76, 0xca, 0x8d, 0x52, 0x85, 0x82,
    0x56, 0xc5, 0x60, 0xa3, 0xd8, 0xf6, 0x9c, 0x1e, 0x8f, 0x36, 0x5f, 0xcb,
    0x05, 0x30, 0xed, 0x10, 0x81, 0x8d, 0x69, 0x84, 0x60, 0xd6, 0x01, 0x1e,
    0xd7, 0xb0, 0x4b, 0x4b, 0xd4, 0x29, 0x2b, 0x61, 0xb3, 0xcc, 0x34, 0x5c,
    0x44, 0xb3, 0x98, 0x17, 0xbb, 0x78, 0x22, 0xcb, 0x30, 0xb4, 0x41, 0xfe,
    0x5d, 0xbe, 0x4a, 0x89, 0xf8, 0xc9, 0x4c, 0xca, 0xba, 0x2b, 0x36, 0x70,
    0xb1, 0x85, 0xf4, 0xa3, 0x3d, 0xc9, 0xfc, 0x78, 0x2e, 0xba, 0xa7, 0x42,
    0xc3, 0xb1, 0xab, 0x4f, 0xbe, 0xda, 0x90, 0x81, 0xc7, 0xe9, 0x0c, 0xae,
    0xbb, 0x06, 0x8d, 0xdf, 0x8d, 0x7a, 0xbd, 0xde, 0xa0, 0xd7, 0xa8, 0x62,
    0x7f, 0x11, 0x89, 0xa0, 0x7b, 0xe8, 0xbe, 0x5d, 0xe7, 0x9b, 0x66, 0x92,
    0xc3, 0x3f, 0xd6, 0xe7, 0xe1, 0x73, 0xa3, 0xa5, 0x7d, 0x89, 0xcb, 0x9d,
    0x8a, 0x82, 0xf5, 0x2d, 0xee, 0xba, 0x8c, 0xc8, 0x68, 0xf4, 0x76, 0x0a,
    0x0c, 0x0b, 0x2e, 0x64, 0x10, 0xa5, 0x0d, 0x76, 0x71, 0x81, 0xb0, 0x66,
    0xe3, 0xb8, 0x86, 0x53, 0xb1, 0x54, 0x0a, 0xf8, 0x3a, 0x5b, 0x97, 0xf4,
    0xac, 0xe4, 0x6d, 0xaa, 0x92, 0xf0, 0x8b, 0x8e, 0x68, 0x63, 0xfd, 0xc2,
    0xb1, 0xf1, 0xd5, 0x1f, 0x76, 0xf5, 0x17, 0xb9, 0x04, 0x8e, 0xc3, 0x72,
    0x06, 0x1a, 0xaf, 0xb3, 0x12, 0xfc, 0x63, 0x71, 0x8c, 0xe4, 0x15, 0x96,
    0x05, 0xa6, 0x43, 0xd7, 0xe3, 0xf8, 0x16, 0x7a, 0xaf, 0x08, 0xb8, 0x35,
    0x4b, 0x67, 0x39, 0xbd, 0xc2, 0x94, 0x53, 0x39, 0x7f, 0xdb, 0x31, 0xd1,
    0xe3, 0x12, 0x76, 0xb0, 0x6e, 0x0b, 0x09, 0xd8, 0x68, 0xf0, 0x82, 0x77,
    0x3e, 0xa3, 0x65, 0xe8, 0xd0, 0xd0, 0x85, 0xd6, 0xa2, 0x12, 0x78, 0xf7,
    0x4e, 0x19, 0xad, 0x93, 0x59, 0xc4, 0x44, 0xd1, 0xcb, 0x70, 0x03, 0x95,
    0x7c, 0x9a, 0x64, 0xab, 0x66, 0xe1, 0xcb, 0xa2, 0xa0, 0x20, 0xfa, 0xd1,
    0x6c, 0x50, 0xcf, 0xd8, 0x77, 0xb0, 0x68, 0x11, 0x8e, 0xa7, 0xfc, 0x67,
    0x73, 0x5c, 0x08, 0x35, 0x2b, 0xdd, 0xab, 0x78, 0xa3, 0x28, 0xc5, 0x42,
    0x6d, 0x36, 0xee, 0xb0, 0x72, 0x68, 0xbc, 0xc6, 0x53, 0xd1, 0x9a, 0x5d,
    0x6a, 0x84, 0x9d, 0xd3, 0x72, 0x73, 0xc0, 0x92, 0xcd, 0xc2, 0x51, 0x0a,
    0x51, 0x80, 0x36, 0xb0, 0x53, 0xa7, 0x2c, 0xaf, 0xdc, 0x6a, 0x84, 0xa0,
    0x17, 0xd1, 0x46, 0xbf, 0x10, 0x8a, 0x1b, 0xdc, 0xff, 0x3d, 0x7d, 0x28,
    0x3e, 0xa9, 0xa8, 0x82, 0x6a, 0xc9, 0xab, 0x72, 0x6f, 0xde, 0xc7, 0x9b,
    0x36, 0xfb, 0xfa, 0xd3, 0x5b, 0xa4, 0x88, 0x90, 0xb2, 0xfd, 0x98, 0x5e,
    0x40, 0x75, 0xa5, 0xa2, 0x12, 0x32, 0x55, 0xa8, 0xe4, 0x0b, 0xec, 0xd3,
    0x46, 0x81, 0x98, 0x38, 0x25, 0x1a, 0x1d, 0x4d, 0x2b, 0x72, 0xd2, 0xaa,
    0xf6, 0xd1, 0x29, 0x24, 0x79, 0x90, 0x42, 0x2d, 0x3b, 0xa5, 0x73, 0xa2,
    0x6e, 0x9c, 0x19, 0x81, 0x2a, 0x5a, 0x79, 0x46, 0xa4, 0x4f, 0xda, 0x2c,
    0x24, 0x17, 0x0a, 0xe1, 0xc1, 0x8f, 0x06, 0xaf, 0x73, 0x5b, 0x72, 0x58,
    0xa4, 0xab, 0xda, 0x4e, 0x43, 0x47, 0x9d, 0x2b, 0x56, 0x97, 0x8b, 0x71,
    0x5f, 0x43, 0x2f, 0x29, 0x3d, 0x8f, 0x57, 0xd3, 0x34, 0x22, 0xe2, 0xf8,
    0xe5, 0xf7, 0x67, 0xaf, 0xb4, 0xbb, 0x6a, 0xa3, 0x34, 0xda, 0x0c, 0x05,
    0x86, 0xb8, 0xa7, 0xd2, 0x5f, 0x2f, 0xcb, 0x53, 0x2d, 0x8b, 0x89, 0xeb,
    0x62, 0x7e, 0x01, 0xdc, 0x30, 0x68, 0x54, 0xf2, 0x2a, 0xb2, 0xfb, 0x35,
    0x67, 0x8b, 0x70, 0x49, 0xce, 0xdc, 0xd5, 0xd3, 0x2c, 0x9d, 0x53, 0x65,
    0x32, 0x6f, 0xea, 0x8a, 0x1f, 0x5d, 0x37, 0x97, 0xdb, 0xd9, 0xbc, 0xe0,
    0xfe, 0xc0, 0x71, 0x5d, 0x5d, 0x94, 0x1c, 0x41, 0xfd, 0xd2, 0xda, 0x15,
    0xf5, 0x07, 0xd8, 0x9d, 0x73, 0x51, 0x8f, 0x00, 0xf3, 0x35, 0x2b, 0x2e,
    0x4e, 0xd2, 0x99, 0xdb, 0xb2, 0xca, 0xc3, 0x2e, 0x4f, 0xe9, 0xb6, 0x73,
    0x71, 0x54, 0x77, 0xb4, 0x61, 0x82, 0xc3, 0x44, 0x1c, 0x97, 0xd4, 0x87,
    0x4c, 0x13, 0x44, 0xd2, 0x6e, 0xbc, 0xdc, 0x9c, 0xb0, 0xef, 0xa8, 0x00,
    0xdf, 0x34, 0xcd, 0xa3, 0x52, 0xde, 0x74, 0xfa, 0x91, 0xae, 0xa6, 0x08,
    0xcd, 0xeb, 0x0a, 0x10, 0x39, 0x2a, 0x8b, 0x40, 0xb6, 0xab, 0xc7, 0x31,
    0x7a, 0x7f, 0x4a, 0x6b, 0xe3, 0xc9, 0x7b, 0x01, 0x3d, 0x87, 0x31, 0x05,
    0x55, 0x99, 0x9a, 0x0d, 0xda, 0x91, 0x50, 0x00, 0xca, 0xc2, 0xb5, 0xdc,
    0x15, 0xbc, 0xb6, 0xdd, 0x31, 0xbe, 0x3d, 0x23, 0x76, 0x0d, 0xb2, 0x9b,
    0x35, 0x03, 0xe2, 0xea, 0xa6, 0xca, 0xce, 0x89, 0x8d, 0x14, 0xaf, 0x60,
    0xc6, 0xb9, 0xbb, 0xe6, 0x1c, 0x4e, 0xa5, 0x38, 0xea, 0xc2, 0x81, 0xf2,
    0xbb, 0x5e, 0x0f, 0xf2, 0xe3, 0xf5, 0xde, 0xa2, 0xc2, 0x99, 0x62, 0x7a,
    0xa8, 0xc6, 0xc5, 0x90, 0x1a, 0xc5, 0xba, 0xe0, 0x74, 0x16, 0x48, 0x36,
    0x47, 0x27, 0x0d, 0x1e, 0x68, 0xd5, 0xc9, 0x9c, 0x33, 0x62, 0xf8, 0x71,
    0xb5, 0xb7, 0x55, 0xbd, 0x96, 0x35, 0x57, 0x03, 0x0a, 0x79, 0x3c, 0x87,
    0xbb, 0xba, 0x04, 0xf0, 0x6c, 0xd3, 0x4c, 0xb3, 0xe4, 0x1c, 0x4a, 0x86,
    0xbd, 0x52, 0xae, 0xcb, 0xd9, 0xdf, 0x12, 0xd6, 0x14, 0x80, 0x8f, 0x46,
    0x96, 0x1a, 0x3f, 0xa7, 0x10, 0x48, 0x7a, 0x5a, 0x2a, 0x39, 0xb2, 0x90,
    0x36, 0xce, 0xcc, 0x79, 0x65, 0x50, 0x1e, 0xe2, 0x00, 0xc3, 0xcd, 0x06,
    0x50, 0x69, 0x1b, 0xb0, 0xfc, 0x0c, 0x48, 0xdc, 0x10, 0x62, 0xf6, 0xcb,
    0xda, 0x10, 0xaa, 0x92, 0xf0, 0x49, 0xf6, 0x06, 0x67, 0x81, 0x62, 0xfa,
    0x35, 0x36, 0x87, 0x60, 0x9b, 0xe2, 0x6a, 0x7b, 0x37, 0x00, 0x67, 0xd0,
    0x06, 0xa8, 0xa9, 0x98, 0xf2, 0x40, 0x50, 0x60, 0xcf, 0xdd, 0xdd, 0xdd,
    0xc6, 0x4d, 0xef, 0x03, 0x13, 0xfb, 0xca, 0x1b, 0x41, 0x7e, 0x3e, 0x3b,
    0xfa, 0x65, 0x2d, 0xaa, 0x11, 0x29, 0x4e, 0x90, 0x66, 0x14, 0xcf, 0x74,
    0x3f, 0x09, 0xf3, 0x14, 0xca, 0xc3, 0xa7, 0x9e, 0xb9, 0xb1, 0xcc, 0xe2,
    0x8b, 0x24, 0x5d, 0xe7, 0xda, 0x26, 0x08, 0xac, 0xb3, 0xcc, 0x51, 0x2f,
    0x2b, 0x7e, 0x1d, 0xe6, 0x98, 0xad, 0x54, 0xf1, 0x40, 0x3b, 0xc6, 0xaf,
    0x66, 0x18, 0x4e, 0x62, 0xfb, 0x60, 0x3d, 0x46, 0x3e, 0xb0, 0x8d, 0x7d,
    0x36, 0x45, 0x01, 0x67, 0xb8, 0xfa, 0x95, 0x37, 0x9a, 0x37, 0x1f, 0x19,
    0x52, 0xb9, 0x44, 0x49, 0x5d, 0xa3, 0x48, 0x13, 0x61, 0x97, 0x11, 0x65,
    0x37, 0x5c, 0xcf, 0x56, 0xd0, 0xca, 0xbe, 0x66, 0xb4, 0x20, 0x5b, 0x46,
    0xcc, 0x4c, 0xb9, 0x4b, 0x47, 0x3f, 0xc4, 0x1d, 0xdc, 0x09, 0xf8, 0xba,
    0xfe, 0x11, 0x3e, 0x1d, 0x7d, 0x37, 0x18, 0xf8, 0x2f, 0x84, 0x14, 0xb0,
    0x0c, 0x27, 0xb4, 0x45, 0x2a, 0x6a, 0x44, 0x7c, 0xb0, 0x42, 0x61, 0x37,
    0x5c, 0x42, 0xc7, 0x58, 0xcc, 0xaa, 0x65, 0x73, 0x30, 0xd3, 0x51, 0x32,
    0x94, 0x75, 0xa1, 0xc3, 0x75, 0x22, 0x20, 0x2c, 0x5c, 0x52, 0x08, 0x60,
    0xab, 0xdb, 0xdf, 0x9e, 0x3d, 0x71, 0xf5, 0xc9, 0x55, 0x2b, 0xcf, 0x49,
    0x51, 0x43, 0xb4, 0xb9, 0xd5, 0x33, 0x6f, 0x89, 0xd8, 0xaa, 0x5a, 0x5d,
    0x80, 0xa8, 0x9d, 0xca, 0x14, 0x88, 0x3d, 0xf7, 0xec, 0xc5, 0xcb, 0xe7,
    0x4f, 0x7e, 0x7e, 0xf5, 0xe4, 0xc5, 0xcb, 0x9f, 0x1f, 0xbe, 0x7c, 0xf9,
    0xfc, 0xa7, 0x9f, 0x1f, 0x3f, 0x79, 0xfe, 0xf0, 0xa7, 0x9f, 0x5f, 0x9c,
    0xe1, 0xd7, 0xad, 0x31, 0x67, 0x04, 0x9c, 0xca, 0x65, 0x7e, 0x06, 0xd4,
    0x89, 0x11, 0x46, 0xd1, 0x93, 0x0b, 0xb2, 0x94, 0x50, 0x4f, 0x02, 0xf2,
    0x5e, 0x9a, 0x8d, 0xf1, 0x2c, 0x19, 0xbf, 0x27, 0x74, 0xf2, 0x7f, 0xf8,
    0x40, 0x5e, 0x2f, 0xe4, 0x3b, 0x1f, 0xf5, 0x61, 0x5c, 0x58, 0xd1, 0x1c,
    0x34, 0xf1, 0xbc, 0xb0, 0x25, 0x89, 0x88, 0x10, 0x80, 0xed, 0x0b, 0xc2,
    0xd8, 0xec, 0x1d, 0xa5, 0x64, 0xcd, 0xc9, 0x3a, 0x2a, 0x2f, 0x33, 0x2c,
    0x83, 0x50, 0x7e, 0xc6, 0x81, 0x1c, 0x52, 0x09, 0xed, 0x41, 0xbf, 0xeb,
    0x23, 0xcf, 0xa9, 0xe3, 0x4a, 0xe0, 0x4b, 0x3d, 0x9b, 0x76, 0x84, 0xc6,
    0x5f, 0x07, 0x18, 0xf7, 0x77, 0xd2, 0x22, 0xc4, 0x56, 0x3d, 0xe4, 0x2a,
    0x74, 0xa9, 0x44, 0x95, 0x62, 0xeb, 0x80, 0x78, 0x37, 0xeb, 0x50, 0x57,
    0x9d, 0x3a, 0xec, 0xb1, 0xba, 0xdf, 0x2a, 0x29, 0x77, 0x36, 0x1c, 0x7f,
    0x4a, 0x76, 0x78, 0x47, 0x5f, 0xaa, 0xca, 0x25, 0xff, 0x5c, 0x6d, 0x71,
    0xd5, 0x99, 0xff, 0x61, 0x7f, 0x8e, 0xb6, 0x1a, 0x4d, 0xb8, 0x45, 0xe2,
    0x63, 0x07, 0xc4, 0x40, 0x69, 0x55, 0xfd, 0x5e, 0xcb, 0xcd, 0x92, 0xc3,
    0xfa, 0xca, 0x41, 0x05, 0xfb, 0x46, 0x75, 0x7d, 0x7c, 0xb2, 0x3d, 0x83,
    0x17, 0x47, 0x76, 0xed, 0x15, 0xf6, 0x8d, 0x1f, 0x47, 0xf2, 0xaf, 0x22,
    0x5f, 0xab, 0xfa, 0xeb, 0x05, 0xbc, 0x5b, 0xc5, 0xa0, 0x2c, 0x4d, 0xfa,
    0x55, 0x38, 0x6a, 0x36, 0xd8, 0x91, 0x20, 0xcf, 0x96, 0x55, 0x38, 0xaa,
    0x56, 0x0a, 0x6c, 0x54, 0x26, 0x8c, 0x5d, 0x62, 0x98, 0x8c, 0x60, 0xd7,
    0xe2, 0x22, 0x0f, 0xad, 0x6f, 0x7b, 0x85, 0xa3, 0x96, 0x4d, 0x2f, 0x89,
    0x3a, 0xbc, 0x2f, 0x25, 0x92, 0x9c, 0x76, 0x69, 0x81, 0x3c, 0xbb, 0xac,
    0x5a, 0x9d, 0xb9, 0xb1, 0xa0, 0x81, 0xee, 0xbf, 0xc2, 0x3f, 0x91, 0xe4,
    0x2f, 0x47, 0xcf, 0x15, 0xda, 0xd9, 0xc6, 0x2a, 0x11, 0xab, 0x29, 0x83,
    0x48, 0xa1, 0x58, 0x77, 0xb5, 0x47, 0x1d, 0x26, 0x5e, 0x39, 0x14, 0x76,
    0x87, 0xa8, 0x1b, 0x87, 0x14, 0xf9, 0xb5, 0xf4, 0xb6, 0xa7, 0x69, 0xc6,
    0xf5, 0x83, 0x29, 0x94, 0x3f, 0xd7, 0xb7, 0xbc, 0x57, 0x7b, 0xb0, 0x35,
    0x84, 0xba, 0x55, 0xe8, 0xb6, 0x66, 0xbd, 0x3a, 0x65, 0xeb, 0xe8, 0x82,
    0x42, 0x87, 0x7a, 0xab, 0x88, 0xd7, 0x7a, 0x9d, 0x23, 0xc0, 0x91, 0xfa,
    0x9e, 0xf8, 0x02, 0xde, 0x2e, 0x16, 0xdb, 0xda, 0x0f, 0x8e, 0x05, 0x37,
    0x87, 0xab, 0xb7, 0x7a, 0xfe, 0xf5, 0x73, 0x5c, 0x6e, 0xb0, 0xb3, 0x8d,
    0xdd, 0x2e, 0xe2, 0x3a, 0xdb, 0xb6, 0x4e, 0xbd, 0xbf, 0xd1, 0x76, 0xdb,
    0xd6, 0xa8, 0xa4, 0xb7, 0xcd, 0xae, 0xad, 0x53, 0x61, 0x90, 0x49, 0x0a,
    0x71, 0x51, 0xed, 0xb6, 0xea, 0xb1, 0xae, 0x37, 0x34, 0x5a, 0x5f, 0x35,
    0xd7, 0xab, 0x3a, 0x57, 0xde, 0x8b, 0x98, 0xa0, 0x64, 0x86, 0x82, 0x2d,
    0x23, 0xd9, 0xf3, 0x52, 0x3a, 0xbb, 0x1c, 0x1f, 0xbd, 0xee, 0x7e, 0xcb,
    0x3a, 0xc6, 0xf4, 0x51, 0x1f, 0xa7, 0x97, 0x0b, 0x7c, 0x5c, 0x78, 0xb3,
    0xf5, 0xc8, 0x1d, 0x63, 0x68, 0x6b, 0xec, 0xb3, 0x22, 0x03, 0x06, 0xaa,
    0xd4, 0xd9, 0x18, 0xe8, 0xef, 0x6b, 0x73, 0x9a, 0xd7, 0x2a, 0xf7, 0xd9,
    0xe5, 0xb7, 0x1d, 0xaf, 0x5c, 0xac, 0x51, 0xcd, 0x5c, 0xaf, 0x2d, 0xa8,
    0x6b, 0x6e, 0xf2, 0x5b, 0x6a, 0x26, 0x05, 0x0d, 0xb7, 0xda, 0x04, 0xcb,
    0xd7, 0x23, 0xb8, 0xa8, 0x53, 0xd8, 0x6e, 0xf1, 0x05, 0x4d, 0x94, 0xd7,
    0x88, 0x47, 0x9f, 0x75, 0xc1, 0x3b, 0x00, 0x85, 0xed, 0x98, 0x6b, 0xa6,
    0x89, 0x7c, 0x59, 0xc1, 0x13, 0xc4, 0xd3, 0x5b, 0xbb, 0x92, 0x41, 0x1a,
    0x67, 0xe1, 0x05, 0x8f, 0x58, 0x38, 0xda, 0xfb, 0x6d, 0x86, 0xcf, 0xe9,
    0xca, 0xb5, 0x22, 0x82, 0x37, 0xe8, 0xb2, 0xcd, 0xc3, 0x8b, 0x98, 0xcf,
    0x9b, 0x5b, 0x99, 0x6e, 0xa7, 0x6d, 0xfd, 0xf8, 0x84, 0x7f, 0x09, 0x1e,
    0xa9, 0xc3, 0x52, 0x4c, 0x0c, 0xbd, 0xdc, 0xbb, 0x1e, 0x96, 0xbd, 0xe2,
    0xb6, 0x3e, 0xfc, 0x49, 0x41, 0x37, 0x98, 0x12, 0x84, 0xa8, 0xde, 0xf2,
    0xab, 0x41, 0xc8, 0x37, 0xfe, 0x0a, 0x52, 0xd9, 0xdf, 0xf5, 0xfc, 0x52,
    0xcf, 0xbf, 0x8c, 0x7d, 0x9b, 0xd0, 0x3c, 0xff, 0xe4, 0x04, 0x4c, 0xc6,
    0x64, 0x1d, 0xe0, 0x9e, 0x26, 0xfd, 0x03, 0x54, 0x1c, 0x84, 0x10, 0x96,
    0xfa, 0x6f, 0x7f, 0x0e, 0x91, 0x01, 0x38, 0xc6, 0xcd, 0x84, 0x6a, 0x64,
    0x76, 0xe7, 0xb7, 0x6d, 0xf3, 0xe9, 0xa4, 0x0a, 0x66, 0x08, 0x23, 0x4b,
    0x4c, 0xd0, 0xb4, 0xad, 0x10, 0xf3, 0xdd, 0xd6, 0xde, 0x2e, 0xca, 0xac,
    0xd9, 0x9c, 0x1e, 0x1f, 0xec, 0x4b, 0xd7, 0x5d, 0xfe, 0xc8, 0xa8, 0xc0,
    0x4b, 0x07, 0xd3, 0xbf, 0x99, 0xf5, 0x20, 0x78, 0x45, 0xfe, 0x22, 0xdd,
    0x66, 0xb3, 0x80, 0x55, 0xed, 0x0d, 0x42, 0xfa, 0xe7, 0x38, 0xcd, 0xa0,
    0x22, 0x24, 0x6b, 0x3c, 0x4b, 0xcf, 0x03, 0xf1, 0x81, 0x60, 0x77, 0x79,
    0x5d, 0x99, 0x71, 0x03, 0xc8, 0x54, 0x61, 0x2e, 0x6b, 0x2a, 0x22, 0xf4,
    0x26, 0xca, 0xc9, 0x59, 0x34, 0x52, 0x76, 0xaf, 0xa8, 0x37, 0x03, 0xf6,
    0x8c, 0x3a, 0x33, 0xf3, 0x3b, 0x68, 0x16, 0x0c, 0x25, 0x77, 0xc9, 0x4c,
    0x33, 0xf6, 0x8d, 0x07, 0x7b, 0x9f, 0xbe, 0x5a, 0x15, 0x07, 0x87, 0xd7,
    0x6d, 0x54, 0xe1, 0x48, 0x90, 0x1f, 0x6e, 0x23, 0xa7, 0x82, 0x3c, 0x09,
    0x1e, 0x3f, 0x79, 0xfe, 0xe4, 0xd5, 0x93, 0x86, 0xf5, 0xf9, 0xf0, 0x32,
    0x39, 0xef, 0x95, 0xf4, 0x99, 0x41, 0x22, 0x2b, 0x37, 0xc7, 0x1a, 0xaa,
    0xf4, 0x9b, 0x58, 0x15, 0x3e, 0x1f, 0xa7, 0x7f, 0x04, 0x8b, 0x7a, 0xd0,
    0x63, 0xcb, 0xfb, 0x72, 0x65, 0x7f, 0x69, 0xab, 0xfa, 0x47, 0xb0, 0xb6,
    0xf8, 0x0c, 0xd6, 0x0d, 0x7d, 0x08, 0x8b, 0x65, 0x21, 0x56, 0xfc, 0xa0,
    0x9b, 0x76, 0x78, 0xda, 0xa2, 0xe7, 0x66, 0x3e, 0x7b, 0x5c, 0x58, 0xbf,
    0xc5, 0x37, 0xe2, 0x49, 0x0b, 0x5a, 0x54, 0x48, 0x1e, 0x73, 0x50, 0xce,
    0x47, 0xf9, 0x35, 0x0c, 0xdc, 0x3c, 0x62, 0xae, 0xd3, 0x0d, 0x31, 0x05,
    0x72, 0xde, 0x9a, 0x3c, 0xc0, 0xc5, 0x58, 0x38, 0x8b, 0xc9, 0xda, 0xf0,
    0xf6, 0x06, 0x8d, 0x70, 0x3f, 0x9b, 0x6f, 0xb3, 0x1b, 0x21, 0xaf, 0x0a,
    0xfb, 0x5d, 0x13, 0x47, 0xe5, 0x6e, 0x3a, 0xfe, 0x87, 0xe3, 0xab, 0xcc,
    0xae, 0x0f, 0xda, 0xd5, 0x51, 0xa7, 0x2a, 0x73, 0x91, 0x9b, 0x87, 0xf0,
    0x5c, 0xec, 0x76, 0x60, 0x02, 0x28, 0x0e, 0x34, 0xa5, 0xaa, 0x0d, 0x5a,
    0xf1, 0xa6, 0x38, 0x89, 0xc5, 0xe7, 0xaf, 0x9b, 0x56, 0xb3, 0xb6, 0xfe,
    0x85, 0x34, 0xb5, 0xad, 0x49, 0x25, 0xdd, 0xbb, 0x6c, 0x9e, 0xc8, 0x2e,
    0xe4, 0x99, 0xe3, 0x53, 0x2e, 0x45, 0x3b, 0xd8, 0x97, 0x03, 0xde, 0xbf,
    0x0b, 0x75, 0x1d, 0x96, 0xab, 0xd3, 0x5b, 0xf0, 0x37, 0xe8, 0xd4, 0xa7,
    0xb7, 0xee, 0xdf, 0x9d, 0xae, 0xe6, 0xb3, 0xd3, 0xff, 0x07, 0xaa, 0x48,
    0xf1, 0xc2, 0xc4, 0xc0, 0x01, 0x00,
};

static const size_t kWebInterfaceHtmlCompressedLength = sizeof(kWebInterfaceHtmlCompressed);
static const char kWebInterfaceContentEncoding[] = "gzip";

}  // namespace interface

